year,film,Genre
1927,The Jazz Singer,Drama
1927,The Jazz Singer,Music
1928,Our Dancing Daughters,Drama
1928,Our Dancing Daughters,Romance
1934,It Happened One Night,Comedy
1934,It Happened One Night,Romance
1936,Mr. Deeds Goes to Town,Comedy
1936,Mr. Deeds Goes to Town,Drama
1936,Mr. Deeds Goes to Town,Romance
1930,Morocco,Drama
1930,Morocco,Romance
1936,Theodora Goes Wild,Comedy
1936,Theodora Goes Wild,Romance
1936,The Great Ziegfeld,Drama
1936,The Great Ziegfeld,Music
1936,The Great Ziegfeld,Romance
1931,The Champ,Drama
1937,Stage Door,Comedy
1937,Stage Door,Drama
1937,The Awful Truth,Comedy
1937,The Awful Truth,Drama
1937,The Awful Truth,Romance
1938,Four Daughters,Drama
1938,Four Daughters,Music
1938,Four Daughters,Romance
1939,Stagecoach,Western
1939,Stagecoach,Adventure
1939,Stagecoach,Action
1939,Ninotchka,Comedy
1939,Ninotchka,Romance
1939,Love Affair,Comedy
1939,Love Affair,Drama
1939,Love Affair,Romance
1940,Rebecca,Mystery
1940,Rebecca,Drama
1940,Rebecca,Thriller
1940,Rebecca,Romance
1940,The Grapes of Wrath,Drama
1940,The Great Dictator,Comedy
1940,The Great Dictator,War
1940,The Philadelphia Story,Comedy
1940,The Philadelphia Story,Romance
1934,Cleopatra,Drama
1934,Cleopatra,Romance
1934,Cleopatra,War
1934,Cleopatra,History
1941,The Devil and Miss Jones,Comedy
1941,The Devil and Miss Jones,Romance
1941,Meet John Doe,Comedy
1941,Meet John Doe,Drama
1941,Meet John Doe,Romance
1941,How Green Was My Valley,Drama
1941,How Green Was My Valley,History
1941,How Green Was My Valley,Family
1942,Woman of the Year,Comedy
1942,Woman of the Year,Drama
1942,Woman of the Year,Romance
1935,Mutiny on the Bounty,Adventure
1935,Mutiny on the Bounty,Drama
1935,Mutiny on the Bounty,History
1942,Mrs. Miniver,Drama
1942,Mrs. Miniver,Romance
1942,Mrs. Miniver,War
1943,Watch on the Rhine,Drama
1943,Watch on the Rhine,Thriller
1943,Shadow of a Doubt,Crime
1943,Shadow of a Doubt,Thriller
1944,Double Indemnity,Crime
1944,Double Indemnity,Drama
1944,Double Indemnity,Mystery
1944,Double Indemnity,Thriller
1944,Meet Me in St. Louis,Comedy
1944,Meet Me in St. Louis,Drama
1944,Meet Me in St. Louis,Romance
1944,Meet Me in St. Louis,Family
1944,Laura,Drama
1944,Laura,Mystery
1944,Cover Girl,Comedy
1944,Cover Girl,Music
1944,Cover Girl,Romance
1944,Since You Went Away,Drama
1944,Since You Went Away,Romance
1944,Since You Went Away,War
1944,Lifeboat,War
1944,Lifeboat,Drama
1944,The Uninvited,Drama
1944,The Uninvited,Fantasy
1944,The Uninvited,Horror
1944,The Uninvited,Mystery
1945,Mildred Pierce,Crime
1945,Mildred Pierce,Drama
1945,Spellbound,Mystery
1945,Spellbound,Thriller
1945,Spellbound,Romance
1936,San Francisco,Drama
1936,San Francisco,Music
1936,San Francisco,Romance
1946,It's a Wonderful Life,Drama
1946,It's a Wonderful Life,Family
1946,It's a Wonderful Life,Fantasy
1936,Fury,Crime
1936,Fury,Drama
1936,Fury,Thriller
1946,The Stranger,Crime
1946,The Stranger,Drama
1946,The Stranger,Mystery
1946,The Stranger,Thriller
1947,Black Narcissus,Drama
1947,The Ghost and Mrs. Muir,Fantasy
1947,The Ghost and Mrs. Muir,Romance
1947,The Ghost and Mrs. Muir,Mystery
1947,Body and Soul,Drama
1936,My Man Godfrey,Comedy
1936,My Man Godfrey,Romance
1936,My Man Godfrey,Drama
1947,Miracle on 34th Street,Comedy
1947,Miracle on 34th Street,Drama
1947,Miracle on 34th Street,Family
1948,The Red Shoes,Drama
1948,The Red Shoes,Romance
1948,The Snake Pit,Drama
1948,The Snake Pit,Mystery
1948,I Remember Mama,Family
1948,I Remember Mama,Drama
1948,Joan of Arc,War
1948,Joan of Arc,Drama
1948,Joan of Arc,History
1949,The Barkleys of Broadway,Comedy
1949,The Barkleys of Broadway,Music
1949,The Barkleys of Broadway,Romance
1949,Little Women,Romance
1949,Little Women,Drama
1949,Little Women,Family
1949,A Letter to Three Wives,Drama
1949,A Letter to Three Wives,Romance
1949,The Heiress,Drama
1949,The Heiress,History
1949,The Heiress,Romance
1937,Lost Horizon,Adventure
1937,Lost Horizon,Fantasy
1937,Lost Horizon,Drama
1937,Lost Horizon,Mystery
1937,The Life of Emile Zola,Drama
1937,The Life of Emile Zola,History
1950,Born Yesterday,Comedy
1950,Born Yesterday,Romance
1950,Born Yesterday,Drama
1950,No Way Out,Crime
1950,No Way Out,Drama
1950,No Way Out,Thriller
1950,Caged,Crime
1950,Caged,Drama
1951,A Streetcar Named Desire,Drama
1951,Show Boat,Romance
1951,Show Boat,Drama
1951,Show Boat,Family
1951,Show Boat,Music
1951,Quo Vadis,Drama
1951,Quo Vadis,History
1951,Quo Vadis,Romance
1953,Roman Holiday,Romance
1953,Roman Holiday,Comedy
1953,Roman Holiday,Drama
1953,The Cruel Sea,Drama
1953,The Cruel Sea,History
1953,The Cruel Sea,War
1938,The Adventures of Robin Hood,Adventure
1938,The Adventures of Robin Hood,Action
1938,The Adventures of Robin Hood,Romance
1953,From Here to Eternity,War
1953,From Here to Eternity,Romance
1953,From Here to Eternity,Drama
1953,How to Marry a Millionaire,Comedy
1953,How to Marry a Millionaire,Romance
1938,Angels with Dirty Faces,Crime
1938,Angels with Dirty Faces,Drama
1938,Angels with Dirty Faces,Thriller
1954,Seven Brides for Seven Brothers,Comedy
1954,Seven Brides for Seven Brothers,Drama
1954,Seven Brides for Seven Brothers,Western
1954,Rear Window,Thriller
1954,Rear Window,Mystery
1954,Sabrina,Comedy
1954,Sabrina,Drama
1954,Sabrina,Romance
1954,Three Coins in the Fountain,Drama
1955,To Catch a Thief,Crime
1955,To Catch a Thief,Drama
1955,To Catch a Thief,Mystery
1955,To Catch a Thief,Romance
1955,To Catch a Thief,Thriller
1955,Guys and Dolls,Comedy
1955,Guys and Dolls,Crime
1955,Guys and Dolls,Romance
1955,Marty,Drama
1955,Marty,Romance
1938,Jezebel,Drama
1938,Jezebel,Romance
1955,Oklahoma!,Western
1955,Oklahoma!,Music
1955,Oklahoma!,Romance
1955,Summertime,Drama
1955,Summertime,Romance
1956,The Bad Seed,Thriller
1956,The Bad Seed,Mystery
1956,The Bad Seed,Horror
1956,The Bad Seed,Drama
1956,War and Peace,Drama
1956,War and Peace,War
1956,War and Peace,Romance
1956,War and Peace,History
1939,Of Mice and Men,Drama
1939,Wuthering Heights,Drama
1939,Wuthering Heights,Romance
1956,High Society,Comedy
1956,High Society,Music
1956,High Society,Romance
1939,"Goodbye, Mr. Chips",Drama
1939,"Goodbye, Mr. Chips",Romance
1957,Funny Face,Music
1957,Funny Face,Comedy
1957,Funny Face,Romance
1939,Juarez,Drama
1939,Juarez,History
1939,Juarez,Romance
1958,Auntie Mame,Comedy
1958,Auntie Mame,Drama
1958,Auntie Mame,Romance
1958,Separate Tables,Drama
1958,Separate Tables,Romance
1939,Mr. Smith Goes to Washington,Comedy
1939,Mr. Smith Goes to Washington,Drama
1958,South Pacific,Music
1958,South Pacific,Romance
1958,South Pacific,War
1958,The Inn of the Sixth Happiness,War
1958,The Inn of the Sixth Happiness,Drama
1958,Cat on a Hot Tin Roof,Drama
1958,Cat on a Hot Tin Roof,Romance
1939,Young Mr. Lincoln,Drama
1939,Young Mr. Lincoln,History
1958,I Want to Live!,Crime
1958,I Want to Live!,Drama
1959,Ben-Hur,Action
1959,Ben-Hur,Drama
1959,Ben-Hur,History
1959,The Nun's Story,Drama
1959,The Nun's Story,War
1939,The Private Lives of Elizabeth and Essex,Drama
1939,The Private Lives of Elizabeth and Essex,History
1939,The Private Lives of Elizabeth and Essex,Romance
1959,Some Like It Hot,Comedy
1959,Some Like It Hot,Music
1959,Some Like It Hot,Romance
1959,Some Like It Hot,Crime
1940,Foreign Correspondent,Action
1940,Foreign Correspondent,Mystery
1940,Foreign Correspondent,Thriller
1940,Foreign Correspondent,War
1959,Pillow Talk,Comedy
1959,Pillow Talk,Romance
1960,Inherit the Wind,Drama
1960,Inherit the Wind,History
1960,The Apartment,Comedy
1960,The Apartment,Drama
1960,The Apartment,Romance
1960,Psycho,Horror
1960,Psycho,Drama
1960,Psycho,Thriller
1960,Exodus,History
1960,Exodus,War
1960,Exodus,Action
1940,Comrade X,Comedy
1940,Comrade X,Romance
1960,The Virgin Spring,Crime
1960,The Virgin Spring,Drama
1960,The Virgin Spring,Thriller
1961,The Children's Hour,Drama
1961,The Children's Hour,Romance
1940,The Letter,Crime
1940,The Letter,Drama
1940,The Letter,Romance
1940,The Letter,Mystery
1961,"One, Two, Three",Comedy
1961,West Side Story,Crime
1961,West Side Story,Drama
1961,West Side Story,Romance
1940,"All This, and Heaven Too",Drama
1940,"All This, and Heaven Too",Romance
1961,Splendor in the Grass,Drama
1961,Splendor in the Grass,Romance
1940,Boom Town,Adventure
1940,Boom Town,Drama
1940,Boom Town,Romance
1940,Boom Town,Western
1961,The Parent Trap,Comedy
1961,The Parent Trap,Family
1962,What Ever Happened to Baby Jane?,Drama
1962,What Ever Happened to Baby Jane?,Horror
1962,What Ever Happened to Baby Jane?,Thriller
1962,Lolita,Crime
1962,Lolita,Drama
1962,Lolita,Romance
1962,To Kill a Mockingbird,Crime
1962,To Kill a Mockingbird,Drama
1962,Gypsy,Comedy
1962,Gypsy,Drama
1962,Gypsy,Music
1962,The Miracle Worker,Drama
1962,Hatari!,Action
1962,Hatari!,Adventure
1962,Hatari!,Comedy
1941,Citizen Kane,Mystery
1941,Citizen Kane,Drama
1963,Tom Jones,Adventure
1963,Tom Jones,Comedy
1963,Tom Jones,Romance
1941,The Lady Eve,Comedy
1941,The Lady Eve,Romance
1963,"It's a Mad, Mad, Mad, Mad World",Action
1963,"It's a Mad, Mad, Mad, Mad World",Adventure
1963,"It's a Mad, Mad, Mad, Mad World",Comedy
1963,"It's a Mad, Mad, Mad, Mad World",Crime
1941,The Little Foxes,Drama
1941,The Little Foxes,Romance
1964,Mary Poppins,Comedy
1964,Mary Poppins,Family
1964,Mary Poppins,Fantasy
1964,My Fair Lady,Romance
1964,My Fair Lady,Drama
1964,My Fair Lady,Music
1941,The Maltese Falcon,Mystery
1941,The Maltese Falcon,Crime
1941,The Maltese Falcon,Thriller
1964,The Unsinkable Molly Brown,Comedy
1965,The Sound of Music,Drama
1965,The Sound of Music,Family
1965,The Sound of Music,Music
1965,The Sound of Music,Romance
1965,Inside Daisy Clover,Drama
1965,Inside Daisy Clover,Music
1965,Inside Daisy Clover,Romance
1965,Darling,Drama
1965,Darling,Romance
1965,A Patch of Blue,Drama
1965,A Patch of Blue,Romance
1966,Georgy Girl,Comedy
1966,Georgy Girl,Drama
1966,Georgy Girl,Romance
1967,Bonnie and Clyde,Crime
1967,Bonnie and Clyde,Drama
1967,Thoroughly Modern Millie,Comedy
1967,Thoroughly Modern Millie,Music
1967,Thoroughly Modern Millie,Romance
1967,Two for the Road,Comedy
1967,Two for the Road,Drama
1967,Two for the Road,Romance
1967,Guess Who's Coming to Dinner,Drama
1968,Rosemary's Baby,Drama
1968,Rosemary's Baby,Horror
1968,Rosemary's Baby,Thriller
1968,Romeo and Juliet,Drama
1968,Romeo and Juliet,Romance
1968,Star!,Drama
1968,Star!,Music
1968,Star!,Romance
1968,The Lion in Winter,Drama
1968,The Lion in Winter,History
1968,Funny Girl,Comedy
1968,Funny Girl,Drama
1968,Funny Girl,Romance
1942,The Magnificent Ambersons,Drama
1942,The Magnificent Ambersons,Romance
1942,The Magnificent Ambersons,History
1969,"Hello, Dolly!",Comedy
1969,"Hello, Dolly!",Family
1969,"Hello, Dolly!",Romance
1970,Five Easy Pieces,Drama
1970,Airport,Action
1970,Airport,Drama
1970,Airport,Thriller
1970,Darling Lili,Drama
1970,Darling Lili,Comedy
1970,Darling Lili,Thriller
1970,Darling Lili,Music
1970,Darling Lili,Romance
1971,Bedknobs and Broomsticks,Adventure
1971,Bedknobs and Broomsticks,Fantasy
1971,Bedknobs and Broomsticks,Comedy
1971,Bedknobs and Broomsticks,Family
1971,Bedknobs and Broomsticks,Music
1971,"Mary, Queen of Scots",Drama
1971,"Mary, Queen of Scots",History
1943,The More the Merrier,Comedy
1943,The More the Merrier,Romance
1971,Klute,Mystery
1971,Klute,Thriller
1971,Klute,Crime
1971,Nicholas and Alexandra,Romance
1971,Nicholas and Alexandra,Drama
1971,Nicholas and Alexandra,War
1971,Nicholas and Alexandra,History
1971,The Andromeda Strain,Science Fiction
1971,The Andromeda Strain,Thriller
1972,Travels with My Aunt,Adventure
1972,Travels with My Aunt,Comedy
1972,Butterflies Are Free,Comedy
1972,Butterflies Are Free,Romance
1972,Cabaret,Music
1972,Cabaret,Drama
1972,Cabaret,Romance
1972,The Discreet Charm of the Bourgeoisie,Comedy
1972,Lady Sings the Blues,Drama
1972,Lady Sings the Blues,Music
1972,Lady Sings the Blues,Romance
1973,The Exorcist,Horror
1973,Paper Moon,Comedy
1973,Paper Moon,Crime
1973,Paper Moon,Drama
1974,Alice Doesn't Live Here Anymore,Drama
1974,Alice Doesn't Live Here Anymore,Romance
1975,Jaws,Horror
1975,Jaws,Thriller
1975,Jaws,Adventure
1944,Hail the Conquering Hero,Comedy
1944,Hail the Conquering Hero,War
1975,Dog Day Afternoon,Crime
1975,Dog Day Afternoon,Drama
1975,Dog Day Afternoon,Thriller
1975,Nashville,Drama
1975,Nashville,Music
1975,Nashville,Comedy
1976,Network,Drama
1977,The Turning Point,Drama
1977,The Turning Point,Romance
1977,Julia,Drama
1977,Annie Hall,Comedy
1977,Annie Hall,Drama
1977,Annie Hall,Romance
1977,The Goodbye Girl,Comedy
1977,The Goodbye Girl,Romance
1977,A Little Night Music,Comedy
1977,A Little Night Music,Music
1977,A Little Night Music,Romance
1978,Autumn Sonata,Drama
1978,Interiors,Drama
1978,Death on the Nile,Mystery
1978,The Wiz,Adventure
1978,The Wiz,Family
1978,The Wiz,Fantasy
1978,The Wiz,Music
1979,The China Syndrome,Drama
1979,The China Syndrome,Thriller
1945,The Lost Weekend,Drama
1979,Norma Rae,Drama
1980,Private Benjamin,Comedy
1980,Coal Miner's Daughter,Music
1980,Coal Miner's Daughter,Drama
1981,Reds,Drama
1981,Reds,History
1981,Reds,Romance
1946,The Jolson Story,Drama
1946,The Jolson Story,Music
1981,Absence of Malice,Drama
1981,Absence of Malice,Romance
1981,Absence of Malice,Thriller
1946,The Best Years of Our Lives,Drama
1946,The Best Years of Our Lives,Romance
1946,The Best Years of Our Lives,War
1982,Sophie's Choice,Drama
1982,Sophie's Choice,Romance
1946,Notorious,Thriller
1946,Notorious,Romance
1946,Notorious,Mystery
1982,An Officer and a Gentleman,Drama
1982,An Officer and a Gentleman,Romance
1982,Missing,Drama
1982,Missing,Mystery
1982,Missing,Thriller
1982,Victor/Victoria,Comedy
1982,Victor/Victoria,Music
1982,Victor/Victoria,Romance
1983,Silkwood,Drama
1983,Silkwood,Thriller
1983,Educating Rita,Drama
1983,Educating Rita,Comedy
1947,Gentleman's Agreement,Drama
1947,Gentleman's Agreement,Romance
1983,Flashdance,Drama
1983,Flashdance,Romance
1947,Crossfire,Crime
1947,Crossfire,Drama
1947,Crossfire,Mystery
1947,Crossfire,Thriller
1984,The Bostonians,Drama
1984,The Bostonians,Romance
1984,Amadeus,History
1984,Amadeus,Music
1984,Amadeus,Drama
1947,Odd Man Out,Crime
1947,Odd Man Out,Drama
1947,Odd Man Out,Thriller
1984,A Passage to India,Drama
1984,A Passage to India,Adventure
1984,A Passage to India,History
1984,Romancing the Stone,Adventure
1984,Romancing the Stone,Action
1984,Romancing the Stone,Comedy
1984,Romancing the Stone,Romance
1985,Brazil,Comedy
1985,Brazil,Science Fiction
1985,The Color Purple,Drama
1985,The Trip to Bountiful,Drama
1985,A Chorus Line,Drama
1985,A Chorus Line,Music
1985,The Official Story,Drama
1985,The Official Story,History
1985,The Purple Rose of Cairo,Fantasy
1985,The Purple Rose of Cairo,Comedy
1985,The Purple Rose of Cairo,Romance
1948,Hamlet,Drama
1985,Witness,Crime
1985,Witness,Drama
1985,Witness,Romance
1985,Witness,Thriller
1985,Out of Africa,History
1985,Out of Africa,Romance
1985,Out of Africa,Drama
1986,Hannah and Her Sisters,Comedy
1986,Hannah and Her Sisters,Drama
1986,Peggy Sue Got Married,Comedy
1986,Peggy Sue Got Married,Drama
1986,Peggy Sue Got Married,Fantasy
1986,Peggy Sue Got Married,Romance
1986,Star Trek IV: The Voyage Home,Science Fiction
1986,Star Trek IV: The Voyage Home,Adventure
1986,Children of a Lesser God,Drama
1986,Children of a Lesser God,Romance
1949,All the King's Men,Drama
1987,Moonstruck,Comedy
1987,Moonstruck,Drama
1987,Moonstruck,Romance
1987,The Last Emperor,Drama
1987,The Last Emperor,History
1987,Fatal Attraction,Drama
1987,Fatal Attraction,Thriller
1987,Broadcast News,Comedy
1987,Broadcast News,Romance
1987,Hope and Glory,Drama
1987,Hope and Glory,War
1987,Hope and Glory,Comedy
1987,Hope and Glory,History
1988,Die Hard,Action
1988,Die Hard,Thriller
1988,Working Girl,Comedy
1988,Working Girl,Romance
1988,Working Girl,Drama
1988,Dangerous Liaisons,Drama
1988,Dangerous Liaisons,Romance
1988,A Fish Called Wanda,Comedy
1988,A Fish Called Wanda,Crime
1950,The Asphalt Jungle,Crime
1950,The Asphalt Jungle,Drama
1988,Gorillas in the Mist,Drama
1988,Gorillas in the Mist,History
1989,The Abyss,Adventure
1989,The Abyss,Action
1989,The Abyss,Thriller
1989,The Abyss,Science Fiction
1989,Henry V,War
1989,Henry V,Drama
1989,Henry V,History
1989,Crimes and Misdemeanors,Comedy
1989,Crimes and Misdemeanors,Drama
1989,Born on the Fourth of July,Drama
1989,Born on the Fourth of July,War
1989,Driving Miss Daisy,Drama
1990,Ghost,Fantasy
1990,Ghost,Drama
1990,Ghost,Thriller
1990,Ghost,Mystery
1990,Ghost,Romance
1951,An American in Paris,Comedy
1951,An American in Paris,Music
1951,An American in Paris,Romance
1990,Alice,Comedy
1990,Alice,Drama
1990,Alice,Romance
1990,Metropolitan,Comedy
1990,Metropolitan,Drama
1990,Metropolitan,Romance
1991,The Silence of the Lambs,Crime
1991,The Silence of the Lambs,Drama
1991,The Silence of the Lambs,Thriller
1951,Strangers on a Train,Crime
1951,Strangers on a Train,Thriller
1951,Strangers on a Train,Mystery
1991,Fried Green Tomatoes,Drama
1991,Fried Green Tomatoes,Comedy
1991,Terminator 2: Judgment Day,Action
1991,Terminator 2: Judgment Day,Thriller
1991,Terminator 2: Judgment Day,Science Fiction
1991,The Fisher King,Comedy
1991,The Fisher King,Drama
1991,The Addams Family,Comedy
1991,The Addams Family,Fantasy
1991,JFK,Drama
1991,JFK,Thriller
1991,JFK,History
1992,Toys,Family
1992,Toys,Fantasy
1992,Toys,Comedy
1992,Toys,Science Fiction
1992,Enchanted April,Romance
1992,Enchanted April,Drama
1992,Passion Fish,Drama
1992,Howards End,Drama
1992,Howards End,Romance
1952,The Greatest Show on Earth,Drama
1952,The Greatest Show on Earth,Family
1952,The Greatest Show on Earth,Romance
1992,The Player,Comedy
1992,The Player,Mystery
1992,The Player,Drama
1992,The Player,Crime
1992,Malcolm X,Drama
1992,Malcolm X,History
1992,Husbands and Wives,Romance
1992,Husbands and Wives,Comedy
1992,Husbands and Wives,Drama
1992,Bram Stoker's Dracula,Romance
1992,Bram Stoker's Dracula,Horror
1952,The Bad and the Beautiful,Drama
1952,The Bad and the Beautiful,Romance
1952,High Noon,Western
1952,High Noon,Thriller
1952,The Quiet Man,Romance
1952,The Quiet Man,Comedy
1952,The Quiet Man,Drama
1992,Unforgiven,Western
1993,Dave,Comedy
1993,Schindler's List,Drama
1993,Schindler's List,History
1993,Schindler's List,War
1993,The Piano,Drama
1993,The Piano,Romance
1993,The Age of Innocence,Drama
1993,The Age of Innocence,Romance
1952,The Snows of Kilimanjaro,Adventure
1952,The Snows of Kilimanjaro,Romance
1993,Short Cuts,Comedy
1993,Short Cuts,Drama
1953,Julius Caesar,Drama
1953,Julius Caesar,History
1994,Speed,Action
1994,Speed,Adventure
1994,Speed,Crime
1953,Shane,Drama
1953,Shane,Western
1994,Heavenly Creatures,Drama
1994,Heavenly Creatures,Fantasy
1953,The War of the Worlds,Science Fiction
1953,The War of the Worlds,Action
1994,"The Adventures of Priscilla, Queen of the Desert",Drama
1994,"The Adventures of Priscilla, Queen of the Desert",Comedy
1953,The Band Wagon,Comedy
1953,The Band Wagon,Music
1953,The Band Wagon,Romance
1994,Legends of the Fall,Adventure
1994,Legends of the Fall,Drama
1994,Legends of the Fall,Romance
1994,Legends of the Fall,War
1994,Legends of the Fall,Western
1994,Four Weddings and a Funeral,Comedy
1994,Four Weddings and a Funeral,Drama
1994,Four Weddings and a Funeral,Romance
1995,A Little Princess,Drama
1995,A Little Princess,Family
1995,A Little Princess,Fantasy
1995,Apollo 13,Drama
1995,Apollo 13,History
1995,Apollo 13,Adventure
1954,The Caine Mutiny,Drama
1954,The Glenn Miller Story,Drama
1954,The Glenn Miller Story,Music
1954,The Glenn Miller Story,Romance
1995,Babe,Fantasy
1995,Babe,Drama
1995,Babe,Comedy
1995,Babe,Family
1995,Dead Man Walking,Drama
1954,A Star Is Born,Drama
1954,A Star Is Born,Music
1954,A Star Is Born,Romance
1996,Secrets & Lies,Drama
1996,Fly Away Home,Action
1996,Fly Away Home,Adventure
1996,Fly Away Home,Drama
1996,Fly Away Home,Family
1954,Executive Suite,Drama
1996,Emma,Romance
1996,Emma,Comedy
1996,Emma,Drama
1996,The English Patient,Drama
1996,The English Patient,Romance
1996,The English Patient,War
1996,Evita,History
1996,Evita,Drama
1996,Evita,Music
1996,The Crucible,Drama
1996,The Crucible,History
1997,As Good as It Gets,Comedy
1997,As Good as It Gets,Romance
1997,Boogie Nights,Drama
1956,The Ten Commandments,Drama
1956,The Ten Commandments,History
1956,The King and I,Drama
1956,The King and I,Romance
1956,The King and I,Adventure
1956,The King and I,Music
1998,Pleasantville,Fantasy
1998,Pleasantville,Comedy
1998,Pleasantville,Drama
1998,Shakespeare in Love,Romance
1998,Shakespeare in Love,History
1998,Shakespeare in Love,Comedy
1998,Elizabeth,Drama
1998,Elizabeth,History
1998,Primary Colors,Drama
1998,Beloved,Drama
1998,Beloved,Thriller
1957,Witness for the Prosecution,Drama
1957,Witness for the Prosecution,Mystery
1957,Witness for the Prosecution,Crime
1957,Sayonara,Drama
1957,Sayonara,Romance
1957,The Bridge on the River Kwai,Drama
1957,The Bridge on the River Kwai,History
1957,The Bridge on the River Kwai,War
1999,The Matrix,Action
1999,The Matrix,Science Fiction
1999,The Sixth Sense,Mystery
1999,The Sixth Sense,Thriller
1999,The Sixth Sense,Drama
1999,Election,Comedy
1999,Being John Malkovich,Comedy
1999,Being John Malkovich,Drama
1999,Being John Malkovich,Fantasy
1999,Anna and the King,Drama
1999,Anna and the King,Romance
1999,Anna and the King,History
1999,Magnolia,Drama
1999,Titus,Drama
1999,Titus,History
1999,The Cider House Rules,Drama
1957,An Affair to Remember,Drama
1957,An Affair to Remember,Romance
1999,The Talented Mr. Ripley,Thriller
1999,The Talented Mr. Ripley,Crime
1999,The Talented Mr. Ripley,Drama
1999,Topsy-Turvy,Comedy
1999,Topsy-Turvy,Drama
1999,Topsy-Turvy,Music
1999,Topsy-Turvy,History
1958,Gigi,Comedy
1958,Gigi,Romance
1958,Teacher's Pet,Comedy
1958,Teacher's Pet,Romance
2000,Erin Brockovich,Drama
2000,Chocolat,Comedy
2000,Chocolat,Drama
2000,Chocolat,Romance
2000,"Crouching Tiger, Hidden Dragon",Adventure
2000,"Crouching Tiger, Hidden Dragon",Drama
2000,"Crouching Tiger, Hidden Dragon",Action
2000,"Crouching Tiger, Hidden Dragon",Romance
2000,Almost Famous,Drama
2000,Almost Famous,Music
2000,The Patriot,Drama
2000,The Patriot,History
2000,The Patriot,War
2000,The Patriot,Action
2000,Billy Elliot,Drama
2000,Billy Elliot,Comedy
2000,Billy Elliot,Music
1959,Anatomy of a Murder,Crime
1959,Anatomy of a Murder,Drama
1959,Anatomy of a Murder,Mystery
1959,Anatomy of a Murder,Thriller
1959,North by Northwest,Mystery
1959,North by Northwest,Thriller
2000,102 Dalmatians,Family
2000,102 Dalmatians,Comedy
2000,Traffic,Thriller
2000,Traffic,Drama
2000,Traffic,Crime
2001,Mulholland Drive,Thriller
2001,Mulholland Drive,Drama
2001,Mulholland Drive,Mystery
2001,Amélie,Comedy
2001,Amélie,Romance
2001,Gosford Park,Drama
2001,Gosford Park,Mystery
2001,Gosford Park,Thriller
1960,Spartacus,History
1960,Spartacus,War
1960,Spartacus,Drama
1960,Spartacus,Adventure
1960,Never on Sunday,Drama
1960,Never on Sunday,Comedy
1960,Never on Sunday,Romance
2001,In the Bedroom,Drama
2001,In the Bedroom,Thriller
2002,My Big Fat Greek Wedding,Comedy
2002,My Big Fat Greek Wedding,Drama
2002,My Big Fat Greek Wedding,Romance
1961,The Guns of Navarone,War
1961,The Guns of Navarone,Action
1961,Breakfast at Tiffany's,Comedy
1961,Breakfast at Tiffany's,Romance
2002,Far from Heaven,Drama
2002,Far from Heaven,Romance
1961,Yojimbo,Drama
1961,Yojimbo,Thriller
2002,Talk to Her,Drama
2002,Talk to Her,Romance
1962,That Touch of Mink,Comedy
1962,That Touch of Mink,Romance
2003,Lost in Translation,Comedy
2003,Lost in Translation,Drama
2003,Lost in Translation,Romance
2003,Cold Mountain,Adventure
2003,Cold Mountain,Drama
2003,Cold Mountain,History
2003,Cold Mountain,Romance
2003,The Barbarian Invasions,Comedy
2003,The Barbarian Invasions,Drama
2003,Girl with a Pearl Earring,Drama
2003,Girl with a Pearl Earring,Romance
1962,The Manchurian Candidate,Thriller
1962,The Manchurian Candidate,Drama
1962,The Manchurian Candidate,Mystery
2003,Mystic River,Thriller
2003,Mystic River,Crime
2003,Mystic River,Drama
2003,Mystic River,Mystery
2004,The Incredibles,Action
2004,The Incredibles,Adventure
2004,The Incredibles,Animation
2004,The Incredibles,Family
2004,Million Dollar Baby,Drama
2004,A Very Long Engagement,Drama
2004,A Very Long Engagement,Romance
2004,A Very Long Engagement,War
1964,A Hard Day's Night,Music
1964,A Hard Day's Night,Comedy
2004,Finding Neverland,Drama
2004,Lemony Snicket's A Series of Unfortunate Events,Adventure
2004,Lemony Snicket's A Series of Unfortunate Events,Comedy
2004,Lemony Snicket's A Series of Unfortunate Events,Family
2004,Sideways,Comedy
2004,Sideways,Drama
2004,Sideways,Romance
2004,Vera Drake,Drama
2004,Ray,Drama
2004,Ray,Music
1964,The Americanization of Emily,Comedy
1964,The Americanization of Emily,Drama
1964,The Americanization of Emily,Romance
1964,The Americanization of Emily,War
2004,The Passion of the Christ,Drama
1965,Doctor Zhivago,Drama
1965,Doctor Zhivago,Romance
1965,Doctor Zhivago,War
2005,The New World,Drama
2005,The New World,History
2005,The New World,Romance
2005,The Constant Gardener,Drama
2005,The Constant Gardener,Mystery
2005,The Constant Gardener,Thriller
2005,Charlie and the Chocolate Factory,Adventure
2005,Charlie and the Chocolate Factory,Comedy
2005,Charlie and the Chocolate Factory,Family
2005,Charlie and the Chocolate Factory,Fantasy
2005,Memoirs of a Geisha,Drama
2005,Memoirs of a Geisha,Romance
2005,Memoirs of a Geisha,History
1966,Who's Afraid of Virginia Woolf?,Drama
2005,Capote,Crime
2005,Capote,Drama
1966,A Man for All Seasons,Drama
1966,A Man for All Seasons,History
2005,Match Point,Drama
2005,Match Point,Thriller
2005,Match Point,Crime
2005,Match Point,Romance
1966,The Fortune Cookie,Romance
1966,The Fortune Cookie,Comedy
2005,Pride & Prejudice,Drama
2005,Pride & Prejudice,Romance
1966,The Sand Pebbles,Adventure
1966,The Sand Pebbles,War
2005,A History of Violence,Drama
2005,A History of Violence,Thriller
2005,A History of Violence,Crime
1966,Alfie,Comedy
1966,Alfie,Drama
1966,Alfie,Romance
2006,Pan's Labyrinth,Fantasy
2006,Pan's Labyrinth,Drama
2006,Pan's Labyrinth,War
2006,Little Children,Drama
2006,Little Children,Romance
2006,Little Children,Comedy
2006,Little Miss Sunshine,Comedy
2006,Little Miss Sunshine,Drama
1967,In the Heat of the Night,Crime
1967,In the Heat of the Night,Drama
1967,In the Heat of the Night,Mystery
1967,In the Heat of the Night,Thriller
2006,The Queen,Drama
2006,The Queen,History
1967,The Graduate,Comedy
1967,The Graduate,Drama
1967,The Graduate,Romance
2006,Notes on a Scandal,Drama
2006,Notes on a Scandal,Romance
1968,Oliver!,Drama
1968,Oliver!,Family
1968,Oliver!,Music
1968,Planet of the Apes,Science Fiction
1968,Planet of the Apes,Adventure
1968,Planet of the Apes,Drama
1968,Planet of the Apes,Action
2006,Dreamgirls,Drama
2006,Dreamgirls,Music
2006,Babel,Drama
1968,Bullitt,Action
1968,Bullitt,Crime
1968,Bullitt,Drama
1968,Bullitt,Thriller
1969,Z,Drama
1969,Z,History
1969,Z,Thriller
1969,Midnight Cowboy,Drama
1969,Butch Cassidy and the Sundance Kid,Western
1969,Butch Cassidy and the Sundance Kid,Drama
1969,Butch Cassidy and the Sundance Kid,Crime
2007,Juno,Comedy
2007,Juno,Drama
2007,Juno,Romance
1969,"They Shoot Horses, Don't They?",Drama
1969,Alice's Restaurant,Drama
1969,Alice's Restaurant,Comedy
1969,Alice's Restaurant,Music
2007,The Savages,Drama
2007,No Country for Old Men,Crime
2007,No Country for Old Men,Drama
2007,No Country for Old Men,Thriller
1969,Easy Rider,Adventure
1969,Easy Rider,Drama
2007,Atonement,Drama
2007,Atonement,Romance
1970,Love Story,Romance
1970,Love Story,Drama
1970,Patton,War
1970,Patton,Drama
1970,Patton,History
1970,Tora! Tora! Tora!,Drama
1970,Tora! Tora! Tora!,History
1970,Tora! Tora! Tora!,War
2007,Lars and the Real Girl,Comedy
2007,Lars and the Real Girl,Drama
2007,Lars and the Real Girl,Romance
2007,La Vie en Rose,Music
2007,La Vie en Rose,Drama
2007,Elizabeth: The Golden Age,Drama
2007,Elizabeth: The Golden Age,History
2007,Elizabeth: The Golden Age,Romance
2007,Across the Universe,Drama
2007,Across the Universe,Romance
2007,Across the Universe,Fantasy
1971,A Clockwork Orange,Science Fiction
1971,A Clockwork Orange,Drama
1971,The French Connection,Action
1971,The French Connection,Crime
1971,The French Connection,Thriller
1971,The Last Picture Show,Drama
2008,The Dark Knight,Drama
2008,The Dark Knight,Action
2008,The Dark Knight,Crime
2008,The Dark Knight,Thriller
1972,The Godfather,Drama
1972,The Godfather,Crime
2008,The Curious Case of Benjamin Button,Drama
2008,The Curious Case of Benjamin Button,Fantasy
2008,The Curious Case of Benjamin Button,Romance
1972,The Poseidon Adventure,Action
1972,The Poseidon Adventure,Adventure
1972,The Poseidon Adventure,Thriller
1972,1776,Drama
1972,1776,History
2008,Happy-Go-Lucky,Comedy
2008,Happy-Go-Lucky,Drama
1972,Deliverance,Drama
1972,Deliverance,Adventure
1972,Deliverance,Thriller
1973,The Sting,Comedy
1973,The Sting,Crime
1973,The Sting,Drama
1973,American Graffiti,Comedy
1973,American Graffiti,Drama
1973,A Touch of Class,Comedy
1973,A Touch of Class,Romance
2008,The Duchess,Drama
2008,The Duchess,History
2008,The Duchess,Romance
1973,Serpico,Crime
1973,Serpico,History
2009,In the Loop,Comedy
1974,The Conversation,Crime
1974,The Conversation,Drama
1974,The Conversation,Mystery
2009,Inglourious Basterds,Drama
2009,Inglourious Basterds,Action
2009,Inglourious Basterds,Thriller
2009,Inglourious Basterds,War
2009,Avatar,Action
2009,Avatar,Adventure
2009,Avatar,Fantasy
2009,Avatar,Science Fiction
1974,Blazing Saddles,Western
1974,Blazing Saddles,Comedy
1974,Chinatown,Crime
1974,Chinatown,Drama
1974,Chinatown,Mystery
1974,Chinatown,Thriller
1974,The Towering Inferno,Action
1974,The Towering Inferno,Drama
1974,The Towering Inferno,Thriller
2009,An Education,Drama
2009,An Education,Romance
2009,Bright Star,Drama
2009,Bright Star,Romance
1974,Young Frankenstein,Comedy
2009,The Young Victoria,Drama
2009,The Young Victoria,History
2009,The Young Victoria,Romance
1975,Barry Lyndon,Drama
1975,Barry Lyndon,Romance
1975,Barry Lyndon,War
1976,All the President's Men,Drama
1976,All the President's Men,History
1976,All the President's Men,Mystery
1976,All the President's Men,Thriller
1976,Rocky,Drama
1976,Taxi Driver,Crime
1976,Taxi Driver,Drama
1976,Two-Minute Warning,Action
1976,Two-Minute Warning,Thriller
2010,Alice in Wonderland,Family
2010,Alice in Wonderland,Fantasy
2010,Alice in Wonderland,Adventure
2010,Winter's Bone,Drama
2010,Toy Story 3,Animation
2010,Toy Story 3,Family
2010,Toy Story 3,Comedy
2010,I Am Love,Drama
2010,I Am Love,Romance
1976,Logan's Run,Action
1976,Logan's Run,Science Fiction
2010,The Kids Are All Right,Comedy
2010,The Kids Are All Right,Drama
2010,Inception,Action
2010,Inception,Science Fiction
2010,Inception,Adventure
1977,Star Wars,Adventure
1977,Star Wars,Action
1977,Star Wars,Science Fiction
2010,The Tempest,Fantasy
2010,The Tempest,Drama
2010,The Tempest,Science Fiction
2010,Black Swan,Drama
2010,Black Swan,Thriller
2010,Black Swan,Horror
2010,127 Hours,Adventure
2010,127 Hours,Drama
2010,127 Hours,Thriller
2010,Another Year,Drama
2010,True Grit,Drama
2010,True Grit,Adventure
2010,True Grit,Western
2010,The King's Speech,Drama
2010,The King's Speech,History
1977,Close Encounters of the Third Kind,Science Fiction
1977,Close Encounters of the Third Kind,Drama
1978,The Deer Hunter,Drama
1978,The Deer Hunter,War
1978,Superman,Science Fiction
1978,Superman,Action
1978,Superman,Adventure
1978,The Boys from Brazil,Drama
1978,The Boys from Brazil,Mystery
1978,The Boys from Brazil,Science Fiction
1978,The Boys from Brazil,Thriller
1979,All That Jazz,Drama
1979,Kramer vs. Kramer,Drama
2011,Bridesmaids,Comedy
2011,Bridesmaids,Romance
2011,The Help,Drama
1979,The Rose,Drama
1979,The Rose,Music
1979,The Rose,Romance
2011,Jane Eyre,Drama
2011,Jane Eyre,Romance
2011,Midnight in Paris,Fantasy
2011,Midnight in Paris,Comedy
2011,Midnight in Paris,Romance
2011,A Separation,Drama
1979,Manhattan,Comedy
1979,Manhattan,Drama
1979,Manhattan,Romance
1980,Raging Bull,Drama
1980,Raging Bull,History
2011,The Descendants,Comedy
2011,The Descendants,Drama
1980,Ordinary People,Drama
2011,Hugo,Adventure
2011,Hugo,Drama
2011,Hugo,Family
1980,Somewhere in Time,Drama
1980,Somewhere in Time,Fantasy
1980,Somewhere in Time,Romance
1981,On Golden Pond,Drama
2011,W.E.,Drama
2011,W.E.,Romance
1981,Pennies from Heaven,Drama
1981,Pennies from Heaven,Music
1981,Pennies from Heaven,Romance
1981,Ragtime,Drama
1981,Ragtime,History
1981,Chariots of Fire,Drama
1981,Chariots of Fire,History
1981,Excalibur,Adventure
1981,Excalibur,Fantasy
1982,Tootsie,Comedy
1982,Tootsie,Romance
1982,Gandhi,Drama
1982,Gandhi,History
1982,Diner,Comedy
1982,Diner,Drama
1982,The Verdict,Drama
2012,Mirror Mirror,Adventure
2012,Mirror Mirror,Comedy
2012,Mirror Mirror,Family
2012,Mirror Mirror,Fantasy
2012,Snow White and the Huntsman,Adventure
2012,Snow White and the Huntsman,Fantasy
2012,Snow White and the Huntsman,Drama
2012,Moonrise Kingdom,Comedy
2012,Moonrise Kingdom,Drama
2012,Moonrise Kingdom,Romance
1983,WarGames,Action
2012,Beasts of the Southern Wild,Drama
2012,Beasts of the Southern Wild,Fantasy
1983,Terms of Endearment,Drama
1983,Terms of Endearment,Comedy
2012,Skyfall,Action
2012,Skyfall,Adventure
2012,Skyfall,Thriller
2012,Argo,Drama
2012,Argo,Thriller
2012,Lincoln,History
2012,Lincoln,Drama
2012,Zero Dark Thirty,Thriller
2012,Zero Dark Thirty,Drama
2012,Zero Dark Thirty,History
2012,Les Misérables,History
2012,Les Misérables,Drama
2012,Amour,Drama
2012,Amour,Romance
2012,Silver Linings Playbook,Drama
2012,Silver Linings Playbook,Comedy
2012,Silver Linings Playbook,Romance
2012,Flight,Drama
1984,The Natural,Drama
1984,Splash,Comedy
1984,Splash,Fantasy
1984,Splash,Romance
1984,2010,Thriller
1984,2010,Science Fiction
1985,Ran,Action
1985,Ran,Drama
1985,Ran,History
1985,Kiss of the Spider Woman,Drama
1986,Top Gun,Action
1986,Top Gun,Drama
1986,Top Gun,Adventure
2013,The Great Gatsby,Drama
2013,The Great Gatsby,Romance
1986,Blue Velvet,Drama
1986,Blue Velvet,Crime
1986,Blue Velvet,Mystery
1986,Blue Velvet,Thriller
2013,Before Midnight,Romance
2013,Before Midnight,Drama
2013,Blue Jasmine,Drama
2013,20 Feet from Stardom,Documentary
2013,20 Feet from Stardom,Music
2013,Prisoners,Drama
2013,Prisoners,Thriller
2013,Prisoners,Crime
1987,Empire of the Sun,Drama
1987,Empire of the Sun,History
1987,Empire of the Sun,War
2013,Nebraska,Drama
2013,Nebraska,Adventure
2013,Dallas Buyers Club,Drama
2013,Dallas Buyers Club,History
1987,RoboCop,Action
1987,RoboCop,Thriller
1987,RoboCop,Science Fiction
1987,Radio Days,Comedy
1987,Radio Days,Drama
1987,Radio Days,Music
2013,Philomena,Drama
2013,American Hustle,Drama
2013,American Hustle,Crime
2013,The Wolf of Wall Street,Crime
2013,The Wolf of Wall Street,Drama
2013,The Wolf of Wall Street,Comedy
1987,Maurice,Drama
1987,Maurice,Romance
2013,12 Years a Slave,Drama
2013,12 Years a Slave,History
1988,Rain Man,Drama
1988,The Accidental Tourist,Drama
1988,The Accidental Tourist,Romance
1988,The Accidental Tourist,Comedy
1988,Bull Durham,Comedy
1988,Bull Durham,Romance
1988,Big,Fantasy
1988,Big,Drama
1988,Big,Comedy
1988,Big,Romance
1988,Big,Family
2013,The Invisible Woman,Drama
2013,The Invisible Woman,History
2013,The Invisible Woman,Romance
1988,The Last Temptation of Christ,Drama
1989,Field of Dreams,Drama
1989,Field of Dreams,Fantasy
1989,Field of Dreams,Comedy
1989,Dead Poets Society,Drama
1989,Do the Right Thing,Drama
2014,Boyhood,Drama
2014,Maleficent,Fantasy
2014,Maleficent,Adventure
2014,Maleficent,Action
2014,Maleficent,Family
2014,Maleficent,Romance
1990,The Hunt for Red October,Action
1990,The Hunt for Red October,Adventure
1990,The Hunt for Red October,Thriller
2014,Nightcrawler,Crime
2014,Nightcrawler,Drama
2014,Nightcrawler,Thriller
2014,Birdman or (The Unexpected Virtue of Ignorance),Drama
2014,Birdman or (The Unexpected Virtue of Ignorance),Comedy
2014,Selma,History
2014,Selma,Drama
2014,Into the Woods,Fantasy
2014,Into the Woods,Comedy
2014,The Theory of Everything,Drama
2014,The Theory of Everything,Romance
1991,Barton Fink,Comedy
1991,Barton Fink,Drama
1991,Barton Fink,Crime
1991,Hook,Adventure
1991,Hook,Fantasy
1991,Hook,Comedy
1991,Hook,Family
1992,Scent of a Woman,Drama
1992,A Few Good Men,Drama
1992,The Crying Game,Crime
1992,The Crying Game,Drama
1992,The Crying Game,Thriller
1992,Basic Instinct,Thriller
1992,Basic Instinct,Mystery
1992,The Lover,Drama
1992,The Lover,Romance
1993,The Remains of the Day,Drama
1993,The Remains of the Day,Romance
1993,In the Name of the Father,Drama
1993,The Fugitive,Drama
1993,The Fugitive,Action
1993,The Fugitive,Thriller
2015,Cinderella,Romance
2015,Cinderella,Fantasy
2015,Cinderella,Family
2015,Cinderella,Drama
2015,Mad Max: Fury Road,Action
2015,Mad Max: Fury Road,Adventure
2015,Mad Max: Fury Road,Science Fiction
2015,Inside Out,Animation
2015,Inside Out,Family
2015,Inside Out,Adventure
2015,Inside Out,Drama
2015,Inside Out,Comedy
1993,Sleepless in Seattle,Comedy
1993,Sleepless in Seattle,Drama
1993,Sleepless in Seattle,Romance
1993,In the Line of Fire,Action
1993,In the Line of Fire,Drama
1993,In the Line of Fire,Thriller
1993,In the Line of Fire,Crime
1993,In the Line of Fire,Mystery
1993,Philadelphia,Drama
2015,The Martian,Drama
2015,The Martian,Adventure
2015,The Martian,Science Fiction
1994,Forrest Gump,Comedy
1994,Forrest Gump,Drama
1994,Forrest Gump,Romance
2015,Brooklyn,Romance
2015,Brooklyn,Drama
2015,Carol,Romance
2015,Carol,Drama
2015,Room,Drama
2015,Room,Thriller
1994,Quiz Show,History
1994,Quiz Show,Drama
1994,Quiz Show,Mystery
2015,Star Wars: The Force Awakens,Adventure
2015,Star Wars: The Force Awakens,Action
2015,Star Wars: The Force Awakens,Science Fiction
2015,Star Wars: The Force Awakens,Fantasy
2015,The Hateful Eight,Drama
2015,The Hateful Eight,Mystery
2015,The Hateful Eight,Western
2015,The Danish Girl,Drama
1995,Leaving Las Vegas,Drama
1995,Leaving Las Vegas,Romance
1995,Batman Forever,Action
1995,Batman Forever,Crime
1995,Batman Forever,Fantasy
1995,The Usual Suspects,Drama
1995,The Usual Suspects,Crime
1995,The Usual Suspects,Thriller
1996,Jerry Maguire,Comedy
1996,Jerry Maguire,Drama
1996,Jerry Maguire,Romance
1996,Fargo,Crime
1996,Fargo,Drama
1996,Fargo,Thriller
1996,Lone Star,Drama
1996,Lone Star,Mystery
1996,Lone Star,Romance
1996,Michael Collins,War
1996,Michael Collins,Drama
1996,Michael Collins,Thriller
1996,Michael Collins,History
1997,L.A. Confidential,Crime
1997,L.A. Confidential,Drama
1997,L.A. Confidential,Mystery
1997,L.A. Confidential,Thriller
1997,The Full Monty,Comedy
2016,Arrival,Drama
2016,Arrival,Science Fiction
2016,Arrival,Mystery
2016,Fantastic Beasts and Where to Find Them,Fantasy
2016,Fantastic Beasts and Where to Find Them,Adventure
2016,Fantastic Beasts and Where to Find Them,Action
1997,Air Force One,Action
1997,Air Force One,Thriller
2016,Hidden Figures,Drama
2016,Hidden Figures,History
2016,La La Land,Comedy
2016,La La Land,Drama
2016,La La Land,Romance
2016,La La Land,Music
1997,Donnie Brasco,Crime
1997,Donnie Brasco,Drama
1997,Donnie Brasco,Thriller
2016,Sing,Animation
2016,Sing,Comedy
2016,Sing,Family
2016,Sing,Music
2016,Jackie,Drama
2016,20th Century Women,Drama
2016,Fences,Drama
2016,Manchester by the Sea,Drama
2016,Florence Foster Jenkins,Comedy
2016,Florence Foster Jenkins,Drama
1998,Out of Sight,Romance
1998,Out of Sight,Comedy
1998,Out of Sight,Crime
1998,Velvet Goldmine,Drama
1998,Velvet Goldmine,Music
2016,Allied,Action
2016,Allied,Drama
2016,Allied,War
2016,Allied,Romance
2016,Allied,Thriller
2017,Logan,Action
2017,Logan,Drama
2017,Logan,Science Fiction
2017,Get Out,Mystery
2017,Get Out,Thriller
2017,Get Out,Horror
2017,Beauty and the Beast,Family
2017,Beauty and the Beast,Fantasy
2017,Beauty and the Beast,Romance
1999,The Green Mile,Fantasy
1999,The Green Mile,Drama
1999,The Green Mile,Crime
2017,The Big Sick,Comedy
2017,The Big Sick,Drama
2017,The Big Sick,Romance
2017,Call Me by Your Name,Romance
2017,Call Me by Your Name,Drama
2000,Wonder Boys,Comedy
2000,Wonder Boys,Drama
2001,Monster's Ball,Drama
2001,Monster's Ball,Romance
2002,About a Boy,Drama
2002,About a Boy,Comedy
2002,About a Boy,Romance
2002,The Pianist,Drama
2002,The Pianist,War
2002,Gangs of New York,Drama
2002,Gangs of New York,History
2002,Gangs of New York,Crime
2002,Frida,Drama
2002,Frida,Romance
2003,Finding Nemo,Animation
2003,Finding Nemo,Family
2004,The Aviator,Drama
2004,Troy,Adventure
2004,Troy,History
2004,Troy,War
2004,Troy,Action
2004,The Phantom of the Opera,Thriller
2004,The Phantom of the Opera,Drama
2004,The Phantom of the Opera,Romance
2004,Collateral,Drama
2004,Collateral,Crime
2004,Collateral,Thriller
2005,Munich,Drama
2005,Munich,Action
2005,Munich,History
2005,Munich,Thriller
2005,"Good Night, and Good Luck.",Drama
2005,"Good Night, and Good Luck.",History
2005,Brokeback Mountain,Drama
2005,Brokeback Mountain,Romance
2005,Cinderella Man,Romance
2005,Cinderella Man,Drama
2005,Cinderella Man,History
2005,Batman Begins,Action
2005,Batman Begins,Crime
2005,Batman Begins,Drama
2005,The Squid and the Whale,Comedy
2005,The Squid and the Whale,Drama
2006,Letters from Iwo Jima,Action
2006,Letters from Iwo Jima,Drama
2006,Letters from Iwo Jima,War
2006,The Departed,Drama
2006,The Departed,Thriller
2006,The Departed,Crime
2006,Curse of the Golden Flower,Action
2006,Curse of the Golden Flower,Drama
2006,Curse of the Golden Flower,Fantasy
2006,Blood Diamond,Drama
2006,Blood Diamond,Thriller
2006,Blood Diamond,Action
2007,The Diving Bell and the Butterfly,Drama
2007,Michael Clayton,Drama
2007,Michael Clayton,Thriller
2007,The Bourne Ultimatum,Action
2007,The Bourne Ultimatum,Drama
2007,The Bourne Ultimatum,Mystery
2007,The Bourne Ultimatum,Thriller
2006,The Prestige,Drama
2006,The Prestige,Mystery
2006,The Prestige,Science Fiction
2008,Australia,Adventure
2008,Australia,Drama
2008,Australia,Romance
2006,The Black Dahlia,Drama
2006,The Black Dahlia,Crime
2006,The Black Dahlia,Thriller
2009,Up in the Air,Drama
2009,Up in the Air,Romance
2009,Nine,Drama
2009,Nine,Music
2009,Nine,Romance
2007,Ratatouille,Animation
2007,Ratatouille,Comedy
2007,Ratatouille,Family
2007,Ratatouille,Fantasy
2009,A Serious Man,Comedy
2009,A Serious Man,Drama
2009,The Blind Side,Drama
2010,The Fighter,Drama
2011,Extremely Loud & Incredibly Close,Drama
2012,Anna Karenina,Drama
2012,Anna Karenina,Romance
2013,Her,Romance
2013,Her,Science Fiction
2013,Her,Drama
2014,The Imitation Game,History
2014,The Imitation Game,Drama
2014,The Imitation Game,Thriller
2014,The Imitation Game,War
2016,Lion,Drama
2007,The Assassination of Jesse James by the Coward Robert Ford,Action
2007,The Assassination of Jesse James by the Coward Robert Ford,Drama
2007,The Assassination of Jesse James by the Coward Robert Ford,Western
2008,In Bruges,Comedy
2008,In Bruges,Drama
2008,In Bruges,Crime
2008,Frost/Nixon,Drama
2008,Frost/Nixon,History
2008,Milk,Drama
2009,District 9,Science Fiction
2009,The Imaginarium of Doctor Parnassus,Adventure
2009,The Imaginarium of Doctor Parnassus,Fantasy
2009,The Imaginarium of Doctor Parnassus,Mystery
2009,The Messenger,Drama
2010,The Social Network,Drama
2011,Moneyball,Drama
2011,The Ides of March,Drama
2011,Tinker Tailor Soldier Spy,Drama
2011,Tinker Tailor Soldier Spy,Thriller
2011,Tinker Tailor Soldier Spy,Mystery
2011,The Artist,Drama
2011,The Artist,Comedy
2011,The Artist,Romance
2011,Margin Call,Thriller
2011,Margin Call,Drama
2011,The Girl with the Dragon Tattoo,Thriller
2011,The Girl with the Dragon Tattoo,Crime
2011,The Girl with the Dragon Tattoo,Mystery
2011,War Horse,War
2011,War Horse,Drama
2011,War Horse,Action
2012,Life of Pi,Adventure
2012,Life of Pi,Drama
2012,Django Unchained,Drama
2012,Django Unchained,Western
2013,The Grandmaster,Action
2013,The Grandmaster,Drama
2013,The Grandmaster,History
2013,Captain Phillips,Action
2013,Captain Phillips,Drama
2013,Captain Phillips,Thriller
2013,Inside Llewyn Davis,Drama
2013,Inside Llewyn Davis,Music
2014,The Grand Budapest Hotel,Comedy
2014,The Grand Budapest Hotel,Drama
2014,Whiplash,Drama
2014,Whiplash,Music
2014,Inherent Vice,Drama
2014,Inherent Vice,Mystery
2014,Inherent Vice,Comedy
2014,Foxcatcher,Drama
2014,Foxcatcher,Thriller
2014,Mr. Turner,History
2014,Mr. Turner,Drama
2014,American Sniper,War
2014,American Sniper,Action
2015,Ex Machina,Drama
2015,Ex Machina,Science Fiction
2015,Straight Outta Compton,Drama
2015,Straight Outta Compton,Music
2015,Straight Outta Compton,History
2015,Bridge of Spies,Thriller
2015,Bridge of Spies,Drama
2015,The Big Short,Comedy
2015,The Big Short,Drama
2015,Spotlight,Drama
2015,Spotlight,History
2016,Hell or High Water,Crime
2016,Hell or High Water,Thriller
2016,Hell or High Water,Drama
2016,Hell or High Water,Western
2016,Hacksaw Ridge,Drama
2016,Hacksaw Ridge,History
2016,Hacksaw Ridge,War
2016,Moonlight,Drama
2017,Baby Driver,Action
2017,Baby Driver,Crime
1938,Boys Town,Drama
1940,The Thief of Bagdad,Action
1940,The Thief of Bagdad,Adventure
1940,The Thief of Bagdad,Family
1940,The Thief of Bagdad,Fantasy
1941,Sun Valley Serenade,Comedy
1941,Sun Valley Serenade,Music
1941,Sun Valley Serenade,Romance
1943,Sahara,Action
1943,Sahara,Adventure
1943,Sahara,Drama
1943,Sahara,War
1945,"Objective, Burma!",Action
1945,"Objective, Burma!",Drama
1945,"Objective, Burma!",War
1945,"Objective, Burma!",Adventure
1945,Anchors Aweigh,Comedy
1945,Anchors Aweigh,Fantasy
1945,Anchors Aweigh,Music
1945,Anchors Aweigh,Romance
1945,Anchors Aweigh,War
1948,Red River,Western
1948,Red River,Adventure
1948,Red River,Drama
1948,Red River,Romance
1948,The Treasure of the Sierra Madre,Adventure
1948,The Treasure of the Sierra Madre,Drama
1948,The Treasure of the Sierra Madre,Western
1951,The African Queen,Adventure
1951,The African Queen,Romance
1952,The Big Sky,Adventure
1952,The Big Sky,Western
1953,Stalag 17,War
1953,Stalag 17,Comedy
1953,Stalag 17,Thriller
1954,On the Waterfront,Crime
1954,On the Waterfront,Drama
1957,"Heaven Knows, Mr. Allison",Adventure
1957,"Heaven Knows, Mr. Allison",Drama
1957,"Heaven Knows, Mr. Allison",War
1958,The Defiant Ones,Crime
1958,The Defiant Ones,Drama
1961,The Hustler,Drama
1962,Lawrence of Arabia,War
1962,Lawrence of Arabia,History
1962,Lawrence of Arabia,Adventure
1962,Lawrence of Arabia,Drama
1962,The Longest Day,War
1965,The Flight of the Phoenix,Adventure
1966,Fantastic Voyage,Adventure
1966,Fantastic Voyage,Science Fiction
1966,Blow-Up,Drama
1966,Blow-Up,Mystery
1966,Blow-Up,Thriller
1967,The Dirty Dozen,Action
1967,The Dirty Dozen,Adventure
1967,The Dirty Dozen,War
1968,2001: A Space Odyssey,Science Fiction
1968,2001: A Space Odyssey,Mystery
1968,2001: A Space Odyssey,Adventure
1968,Ice Station Zebra,Adventure
1968,Ice Station Zebra,Thriller
1971,Death in Venice,Drama
1972,Sleuth,Mystery
1972,Sleuth,Thriller
1972,Sleuth,Crime
1978,Midnight Express,Drama
1978,Midnight Express,Crime
1979,Apocalypse Now,Drama
1979,Apocalypse Now,War
1979,The Black Hole,Adventure
1979,The Black Hole,Family
1979,The Black Hole,Science Fiction
1979,The Black Hole,Action
1980,The Blue Lagoon,Romance
1980,The Blue Lagoon,Adventure
1982,Tron,Science Fiction
1982,Tron,Action
1982,Tron,Adventure
1984,Beverly Hills Cop,Action
1984,Beverly Hills Cop,Comedy
1984,Beverly Hills Cop,Crime
1984,A Soldier's Story,Drama
1984,A Soldier's Story,Mystery
1984,A Soldier's Story,War
1984,A Soldier's Story,Crime
1986,Stand by Me,Crime
1986,Stand by Me,Drama
1986,Platoon,Drama
1986,Platoon,War
1986,Platoon,Action
1986,The Mission,Adventure
1986,The Mission,Drama
1986,The Mission,Action
1986,The Mission,History
1986,Pirates,Adventure
1986,Pirates,Comedy
1987,Full Metal Jacket,Drama
1987,Full Metal Jacket,War
1989,Glory,Drama
1989,Glory,History
1989,Glory,War
1993,Searching for Bobby Fischer,Drama
1993,Farewell My Concubine,Drama
1997,Good Will Hunting,Drama
1998,Saving Private Ryan,Drama
1998,Saving Private Ryan,History
1998,Saving Private Ryan,War
2000,Gladiator,Action
2000,Gladiator,Drama
2000,Gladiator,Adventure
2000,"O Brother, Where Art Thou?",Adventure
2000,"O Brother, Where Art Thou?",Comedy
2000,"O Brother, Where Art Thou?",Crime
2001,Black Hawk Down,Action
2001,Black Hawk Down,History
2001,Black Hawk Down,War
2002,Road to Perdition,Crime
2002,Road to Perdition,Drama
2002,Road to Perdition,Thriller
2003,Master and Commander: The Far Side of the World,Adventure
2003,Master and Commander: The Far Side of the World,Drama
2003,Master and Commander: The Far Side of the World,War
2003,The Last Samurai,Drama
2003,The Last Samurai,Action
2003,The Last Samurai,War
2003,The Last Samurai,History
2004,Before Sunset,Drama
2004,Before Sunset,Romance
2006,The Illusionist,Fantasy
2006,The Illusionist,Drama
2006,The Illusionist,Thriller
2006,The Illusionist,Romance
2010,Restrepo,War
2010,Restrepo,Documentary
2011,The Tree of Life,Drama
2011,The Tree of Life,Fantasy
2013,Gravity,Science Fiction
2013,Gravity,Thriller
2013,Gravity,Drama
2013,Cutie and the Boxer,Documentary
2014,Unbroken,Drama
2014,Unbroken,War
2015,Sicario,Action
2015,Sicario,Crime
2015,Sicario,Thriller
2015,The Revenant,Western
2015,The Revenant,Drama
2015,The Revenant,Adventure
2016,Silence,Drama
2016,Silence,History
2017,Dunkirk,War
2017,Dunkirk,Action
2017,Dunkirk,Drama
