film,category,movies.popularity,movies.vote_count,movies.vote_average,year
The Jazz Singer,WRITING,7.6,143,6.3,1927
Our Dancing Daughters,CINEMATOGRAPHY,1.43,12,6.7,1928
It Happened One Night,WRITING,10.43,914,7.9,1934
Mr. Deeds Goes to Town,WRITING,9.39,247,7.5,1936
Morocco,CINEMATOGRAPHY,6.73,94,6.6,1930
Theodora Goes Wild,FILM EDITING,1.98,25,6.5,1936
The Great Ziegfeld,FILM EDITING,5.7,82,6.2,1936
The Champ,DIRECTING,3.01,34,7,1931
Stage Door,WRITING,5.36,67,7,1937
The Awful Truth,FILM EDITING,6.63,206,7.3,1937
Four Daughters,DIRECTING,2.59,15,6.6,1938
Stagecoach,CINEMATOGRAPHY,11.31,835,7.7,1939
Ninotchka,WRITING,8.26,276,7.6,1939
Love Affair,WRITING,5.34,64,7.3,1939
Rebecca,FILM EDITING,12.09,1301,7.9,1940
The Grapes of Wrath,WRITING,8.93,722,7.8,1940
The Great Dictator,WRITING,15.78,2616,8.4,1940
The Philadelphia Story,WRITING,7.64,663,7.7,1940
Cleopatra,FILM EDITING,4.3,50,6.1,1934
The Devil and Miss Jones,WRITING,3.28,34,7.8,1941
Meet John Doe,WRITING,5.85,171,7.4,1941
How Green Was My Valley,FILM EDITING,7.25,282,7.2,1941
Woman of the Year,WRITING,9.14,102,6.9,1942
Mutiny on the Bounty,WRITING,8.04,233,7.4,1935
Mrs. Miniver,FILM EDITING,8.05,181,7.1,1942
Watch on the Rhine,WRITING,3.47,26,6.8,1943
Shadow of a Doubt,WRITING,9.34,738,7.6,1943
Double Indemnity,WRITING,19.39,1357,8.2,1944
Meet Me in St. Louis,WRITING,8.46,263,7.1,1944
Laura,WRITING,10.12,587,7.7,1944
Cover Girl,CINEMATOGRAPHY,5.28,61,6.4,1944
Since You Went Away,FILM EDITING,2.3,35,6.4,1944
Lifeboat,WRITING,7.04,322,7.4,1944
The Uninvited,CINEMATOGRAPHY,5.34,159,7,1944
Mildred Pierce,WRITING,6.92,286,7.7,1945
Spellbound,CINEMATOGRAPHY,7.34,659,7.5,1945
San Francisco,DIRECTING,4.36,45,7,1936
It's a Wonderful Life,FILM EDITING,33.52,3321,8.3,1946
Fury,WRITING,6.11,148,7.5,1936
The Stranger,WRITING,6.95,442,7.3,1946
Black Narcissus,CINEMATOGRAPHY,7.02,341,7.7,1947
The Ghost and Mrs. Muir,CINEMATOGRAPHY,7.79,220,7.7,1947
Body and Soul,WRITING,5.53,75,6.8,1947
My Man Godfrey,WRITING,6.27,247,7.6,1936
Miracle on 34th Street,WRITING,9.11,528,7.4,1947
The Red Shoes,WRITING,9.81,449,8.1,1948
The Snake Pit,WRITING,4.41,72,7.3,1948
I Remember Mama,CINEMATOGRAPHY,2.82,41,7,1948
Joan of Arc,COSTUME DESIGN,4.58,48,6.4,1948
The Barkleys of Broadway,CINEMATOGRAPHY,3.75,35,7.1,1949
Little Women,CINEMATOGRAPHY,8.24,184,7.5,1949
A Letter to Three Wives,WRITING,5.77,111,7.3,1949
The Heiress,COSTUME DESIGN,10.15,176,7.7,1949
Lost Horizon,FILM EDITING,6.01,148,7.1,1937
The Life of Emile Zola,WRITING,6.49,82,6.6,1937
Born Yesterday,COSTUME DESIGN,6.31,118,7.2,1950
No Way Out,WRITING,4.63,65,6.9,1950
Caged,WRITING,3.88,40,7.1,1950
A Streetcar Named Desire,COSTUME DESIGN,10.97,1055,7.7,1951
Show Boat,CINEMATOGRAPHY,4,56,6.2,1951
Quo Vadis,CINEMATOGRAPHY,19.29,300,7.1,1951
Roman Holiday,BEST PICTURE,13.58,1571,7.9,1953
The Cruel Sea,WRITING,4.04,47,7,1953
The Adventures of Robin Hood,FILM EDITING,11.05,543,7.5,1938
From Here to Eternity,BEST PICTURE,8.08,480,7.3,1953
How to Marry a Millionaire,COSTUME DESIGN,10.73,400,6.9,1953
Angels with Dirty Faces,WRITING,7.8,227,7.7,1938
Seven Brides for Seven Brothers,FILM EDITING,9.36,436,7.3,1954
Rear Window,WRITING,15.29,5157,8.4,1954
Sabrina,WRITING,19.55,988,7.6,1954
Three Coins in the Fountain,CINEMATOGRAPHY,4.94,34,6,1954
To Catch a Thief,COSTUME DESIGN,10.05,1162,7.4,1955
Guys and Dolls,COSTUME DESIGN,7.43,173,6.7,1955
Marty,BEST PICTURE,6.78,268,7.5,1955
Jezebel,CINEMATOGRAPHY,6.36,133,7.2,1938
Oklahoma!,FILM EDITING,10.66,119,6.7,1955
Summertime,DIRECTING,6.05,94,6.9,1955
The Bad Seed,CINEMATOGRAPHY,6.14,185,7.1,1956
War and Peace,DIRECTING,8.78,180,6.6,1956
Of Mice and Men,CINEMATOGRAPHY,3.84,54,7.3,1939
Wuthering Heights,CINEMATOGRAPHY,8.4,194,7.3,1939
High Society,WRITING,6.03,167,7,1956
"Goodbye, Mr. Chips",WRITING,7.2,83,7.5,1939
Funny Face,WRITING,8.99,546,7,1957
Juarez,CINEMATOGRAPHY,3.77,17,6.5,1939
Auntie Mame,FILM EDITING,6.04,77,7.1,1958
Separate Tables,BEST PICTURE,6.58,80,6.8,1958
Mr. Smith Goes to Washington,WRITING,12.42,791,7.9,1939
South Pacific,CINEMATOGRAPHY,6.9,81,6.4,1958
The Inn of the Sixth Happiness,DIRECTING,4.66,57,6.8,1958
Cat on a Hot Tin Roof,WRITING,7.89,584,7.7,1958
Young Mr. Lincoln,WRITING,5.75,115,7.4,1939
I Want to Live!,FILM EDITING,5.07,72,7.1,1958
Ben-Hur,BEST PICTURE,38.36,2095,7.8,1959
The Nun's Story,BEST PICTURE,9.24,121,7.1,1959
The Private Lives of Elizabeth and Essex,CINEMATOGRAPHY,21.36,64,6.3,1939
Some Like It Hot,WRITING,20.28,2727,8.1,1959
Foreign Correspondent,WRITING,6.55,268,7,1940
Pillow Talk,WRITING,7.52,197,7.2,1959
Inherit the Wind,FILM EDITING,7,304,7.8,1960
The Apartment,FILM EDITING,11.38,1710,8.2,1960
Psycho,CINEMATOGRAPHY,33.5,8193,8.4,1960
Exodus,CINEMATOGRAPHY,7.6,135,6.7,1960
Comrade X,WRITING,1.74,14,5.9,1940
The Virgin Spring,COSTUME DESIGN,7.1,448,7.8,1960
The Children's Hour,COSTUME DESIGN,8.23,257,7.8,1961
The Letter,FILM EDITING,4.77,154,7.4,1940
"One, Two, Three",CINEMATOGRAPHY,8.57,276,7.6,1961
West Side Story,WRITING,8.99,1483,7.3,1961
"All This, and Heaven Too",CINEMATOGRAPHY,3.11,37,7.5,1940
Splendor in the Grass,WRITING,6.4,199,7.6,1961
Boom Town,CINEMATOGRAPHY,4.75,37,7,1940
The Parent Trap,FILM EDITING,12.76,277,7.1,1961
What Ever Happened to Baby Jane?,COSTUME DESIGN,7.76,790,8,1962
Lolita,WRITING,24.98,1594,7.4,1962
To Kill a Mockingbird,WRITING,10.17,2068,8,1962
Gypsy,CINEMATOGRAPHY,4.76,47,6.6,1962
The Miracle Worker,WRITING,6.56,221,7.9,1962
Hatari!,CINEMATOGRAPHY,7.21,173,6.6,1962
Citizen Kane,WRITING,13.32,4412,8,1941
Tom Jones,WRITING,9.4,144,6,1963
The Lady Eve,WRITING,5.75,241,7.3,1941
"It's a Mad, Mad, Mad, Mad World",CINEMATOGRAPHY,13.49,419,7,1963
The Little Foxes,FILM EDITING,6.91,128,7.6,1941
Mary Poppins,WRITING,37.26,3966,7.6,1964
My Fair Lady,DIRECTING,12.84,1012,7.6,1964
The Maltese Falcon,WRITING,11.98,1261,7.8,1941
The Unsinkable Molly Brown,COSTUME DESIGN,4.49,36,5.6,1964
The Sound of Music,COSTUME DESIGN,18.32,2621,7.7,1965
Inside Daisy Clover,COSTUME DESIGN,3.46,38,5.8,1965
Darling,WRITING,6.93,92,6.9,1965
A Patch of Blue,CINEMATOGRAPHY,6.25,68,7.8,1965
Georgy Girl,CINEMATOGRAPHY,4.58,34,6.6,1966
Bonnie and Clyde,COSTUME DESIGN,12.75,1235,7.5,1967
Thoroughly Modern Millie,COSTUME DESIGN,7.37,65,7.1,1967
Two for the Road,WRITING,6.64,176,7,1967
Guess Who's Coming to Dinner,WRITING,8.79,627,7.6,1967
Rosemary's Baby,WRITING,19.05,3094,7.8,1968
Romeo and Juliet,BEST PICTURE,12.7,516,7.4,1968
Star!,CINEMATOGRAPHY,2.07,26,6.3,1968
The Lion in Winter,COSTUME DESIGN,9.69,242,7.4,1968
Funny Girl,BEST PICTURE,5.94,309,7.3,1968
The Magnificent Ambersons,CINEMATOGRAPHY,7.23,306,7.3,1942
"Hello, Dolly!",BEST PICTURE,7.55,250,7,1969
Five Easy Pieces,WRITING,7.68,380,7.2,1970
Airport,FILM EDITING,9.24,278,6.4,1970
Darling Lili,COSTUME DESIGN,3.64,24,5.5,1970
Bedknobs and Broomsticks,COSTUME DESIGN,9.86,771,7,1971
"Mary, Queen of Scots",COSTUME DESIGN,3.64,40,6.8,1971
The More the Merrier,WRITING,6.76,58,6.8,1943
Klute,WRITING,7.71,293,6.8,1971
Nicholas and Alexandra,COSTUME DESIGN,4.34,47,7,1971
The Andromeda Strain,FILM EDITING,11.31,508,7,1971
Travels with My Aunt,CINEMATOGRAPHY,3.55,22,5.9,1972
Butterflies Are Free,CINEMATOGRAPHY,5.8,58,7,1972
Cabaret,DIRECTING,7.05,686,7.5,1972
The Discreet Charm of the Bourgeoisie,WRITING,10.14,580,7.6,1972
Lady Sings the Blues,WRITING,4.57,44,7.1,1972
The Exorcist,BEST PICTURE,110.15,6315,7.7,1973
Paper Moon,WRITING,7.26,507,7.9,1973
Alice Doesn't Live Here Anymore,WRITING,7.54,334,7,1974
Jaws,FILM EDITING,43.3,8367,7.6,1975
Hail the Conquering Hero,WRITING,5.08,49,7.1,1944
Dog Day Afternoon,WRITING,14.04,2293,7.8,1975
Nashville,DIRECTING,6.27,279,7.4,1975
Network,WRITING,9.33,1291,7.9,1976
The Turning Point,WRITING,4.48,39,6.3,1977
Julia,WRITING,7.05,100,6.6,1977
Annie Hall,WRITING,10.49,3204,7.8,1977
The Goodbye Girl,WRITING,7.43,124,7,1977
A Little Night Music,COSTUME DESIGN,1.59,11,6.9,1977
Autumn Sonata,WRITING,7.58,401,8,1978
Interiors,WRITING,7.06,263,6.8,1978
Death on the Nile,COSTUME DESIGN,19.94,548,7.1,1978
The Wiz,CINEMATOGRAPHY,8.43,183,6.1,1978
The China Syndrome,WRITING,9.35,337,7.2,1979
The Lost Weekend,WRITING,9.7,428,7.7,1945
Norma Rae,BEST PICTURE,6.85,115,7.2,1979
Private Benjamin,WRITING,6.3,297,6,1980
Coal Miner's Daughter,FILM EDITING,7.75,186,7.3,1980
Reds,BEST PICTURE,8.7,240,7,1981
The Jolson Story,FILM EDITING,1.89,14,6.7,1946
Absence of Malice,WRITING,8.7,144,6.7,1981
The Best Years of Our Lives,WRITING,9.4,465,7.8,1946
Sophie's Choice,WRITING,9.32,689,7.4,1982
Notorious,WRITING,9.55,1201,7.8,1946
An Officer and a Gentleman,WRITING,14.1,862,7,1982
Missing,BEST PICTURE,7,276,7.3,1982
Victor/Victoria,WRITING,7.74,323,7.2,1982
Silkwood,WRITING,8.05,247,7,1983
Educating Rita,WRITING,6.37,132,6.9,1983
Gentleman's Agreement,WRITING,6.32,176,7.1,1947
Flashdance,CINEMATOGRAPHY,11.61,1154,6.5,1983
Crossfire,WRITING,6.01,86,6.5,1947
The Bostonians,COSTUME DESIGN,1.48,24,4.8,1984
Amadeus,FILM EDITING,18.01,3363,8,1984
Odd Man Out,FILM EDITING,7.21,136,7.4,1947
A Passage to India,COSTUME DESIGN,7.85,211,6.9,1984
Romancing the Stone,FILM EDITING,15.5,1431,6.7,1984
Brazil,WRITING,17.78,2662,7.7,1985
The Color Purple,CINEMATOGRAPHY,13.98,1331,7.8,1985
The Trip to Bountiful,WRITING,2.58,37,7.4,1985
A Chorus Line,FILM EDITING,7.34,134,6.3,1985
The Official Story,WRITING,6.38,138,7.5,1985
The Purple Rose of Cairo,WRITING,7.2,786,7.4,1985
Hamlet,COSTUME DESIGN,6.8,186,7.5,1948
Witness,DIRECTING,11.68,1249,7.1,1985
Out of Africa,DIRECTING,10.06,1098,7.2,1985
Hannah and Her Sisters,DIRECTING,7.96,779,7.6,1986
Peggy Sue Got Married,CINEMATOGRAPHY,8.59,409,6.1,1986
Star Trek IV: The Voyage Home,CINEMATOGRAPHY,12.4,1127,7.2,1986
Children of a Lesser God,BEST PICTURE,5.63,231,7,1986
All the King's Men,WRITING,6.83,162,6.9,1949
Moonstruck,DIRECTING,12.03,680,6.9,1987
The Last Emperor,DIRECTING,11.97,1266,7.6,1987
Fatal Attraction,FILM EDITING,17.83,1090,6.8,1987
Broadcast News,FILM EDITING,8.98,308,6.8,1987
Hope and Glory,DIRECTING,7.06,139,6.8,1987
Die Hard,FILM EDITING,33.92,9132,7.7,1988
Working Girl,BEST PICTURE,8.92,724,6.6,1988
Dangerous Liaisons,WRITING,9.27,890,7.3,1988
A Fish Called Wanda,WRITING,13.15,1682,7.2,1988
The Asphalt Jungle,WRITING,8.3,350,7.5,1950
Gorillas in the Mist,FILM EDITING,8.27,458,7,1988
The Abyss,CINEMATOGRAPHY,17.68,2233,7.3,1989
Henry V,COSTUME DESIGN,7.78,283,7.3,1989
Crimes and Misdemeanors,WRITING,7.68,691,7.5,1989
Born on the Fourth of July,BEST PICTURE,10.78,1329,7,1989
Driving Miss Daisy,BEST PICTURE,10.35,1229,7.3,1989
Ghost,WRITING,34.21,4586,7.2,1990
An American in Paris,COSTUME DESIGN,8.58,437,7.1,1951
Alice,WRITING,5.64,226,6.4,1990
Metropolitan,WRITING,6.43,113,6.9,1990
The Silence of the Lambs,FILM EDITING,11.28,13315,8.3,1991
Strangers on a Train,CINEMATOGRAPHY,11.19,1239,7.7,1951
Fried Green Tomatoes,WRITING,14.88,1055,7.7,1991
Terminator 2: Judgment Day,FILM EDITING,65.49,10396,8.1,1991
The Fisher King,WRITING,9.18,1047,7.3,1991
The Addams Family,COSTUME DESIGN,31.1,3604,7,1991
JFK,FILM EDITING,16.16,1613,7.7,1991
Toys,COSTUME DESIGN,7.85,434,5.2,1992
Enchanted April,WRITING,4.51,51,6.7,1992
Passion Fish,WRITING,2.67,30,6.9,1992
Howards End,BEST PICTURE,8.57,385,7,1992
The Greatest Show on Earth,COSTUME DESIGN,7.9,175,6.4,1952
The Player,WRITING,8.59,581,7.2,1992
Malcolm X,COSTUME DESIGN,13.2,1276,7.5,1992
Husbands and Wives,WRITING,7.38,324,7.1,1992
Bram Stoker's Dracula,COSTUME DESIGN,37.7,4020,7.4,1992
The Bad and the Beautiful,WRITING,6.28,177,7.4,1952
High Noon,WRITING,8.63,1097,7.7,1952
The Quiet Man,WRITING,7.59,376,7.3,1952
Unforgiven,FILM EDITING,23.8,3411,7.9,1992
Dave,WRITING,11.45,585,6.6,1993
Schindler's List,FILM EDITING,35.73,12815,8.6,1993
The Piano,CINEMATOGRAPHY,12.41,1133,7.4,1993
The Age of Innocence,WRITING,9.42,826,7,1993
The Snows of Kilimanjaro,CINEMATOGRAPHY,5.32,64,5.9,1952
Short Cuts,DIRECTING,7.38,432,7.2,1993
Julius Caesar,BEST PICTURE,8.5,150,7.1,1953
Speed,FILM EDITING,34.04,4915,7.1,1994
Shane,BEST PICTURE,10.66,453,7.5,1953
Heavenly Creatures,WRITING,7.3,707,7,1994
The War of the Worlds,FILM EDITING,10.55,467,6.8,1953
"The Adventures of Priscilla, Queen of the Desert",COSTUME DESIGN,8.13,590,7.3,1994
The Band Wagon,WRITING,6.45,158,7.1,1953
Legends of the Fall,CINEMATOGRAPHY,18.92,2028,7.4,1994
Four Weddings and a Funeral,WRITING,15.18,2131,6.8,1994
A Little Princess,CINEMATOGRAPHY,17.52,794,7.6,1995
Apollo 13,FILM EDITING,15.3,4500,7.4,1995
The Caine Mutiny,BEST PICTURE,7.62,241,7.2,1954
The Glenn Miller Story,WRITING,6.72,109,6.9,1954
Babe,WRITING,24.53,2403,6.2,1995
Dead Man Walking,DIRECTING,8.24,1070,7.4,1995
A Star Is Born,COSTUME DESIGN,9.24,226,7.2,1954
Secrets & Lies,DIRECTING,8.21,457,7.6,1996
Fly Away Home,CINEMATOGRAPHY,10.26,368,6.8,1996
Executive Suite,COSTUME DESIGN,3.86,36,7.2,1954
Emma,COSTUME DESIGN,9.53,492,6.7,1996
The English Patient,BEST PICTURE,13.43,1684,7.2,1996
Evita,FILM EDITING,7.27,377,6.2,1996
The Crucible,WRITING,8.5,412,6.6,1996
As Good as It Gets,BEST PICTURE,17.87,3022,7.4,1997
Boogie Nights,WRITING,13.57,2497,7.6,1997
The Ten Commandments,COSTUME DESIGN,50.24,1133,7.7,1956
The King and I,DIRECTING,8.56,292,7.2,1956
Pleasantville,COSTUME DESIGN,8.38,1375,7.3,1998
Shakespeare in Love,BEST PICTURE,11.28,2585,6.9,1998
Elizabeth,BEST PICTURE,10.47,1132,7.2,1998
Primary Colors,WRITING,9.06,240,6.3,1998
Beloved,COSTUME DESIGN,7.14,80,5.6,1998
Witness for the Prosecution,BEST PICTURE,12.22,988,8.2,1957
Sayonara,BEST PICTURE,6.5,96,6.8,1957
The Bridge on the River Kwai,BEST PICTURE,12.89,1578,7.8,1957
The Matrix,FILM EDITING,64.02,21623,8.2,1999
The Sixth Sense,BEST PICTURE,34.14,9570,7.9,1999
Election,WRITING,8.9,789,6.8,1999
Being John Malkovich,WRITING,12.37,3479,7.4,1999
Anna and the King,COSTUME DESIGN,10.38,632,6.7,1999
Magnolia,WRITING,16.74,2785,7.7,1999
Titus,COSTUME DESIGN,5.88,215,6.5,1999
The Cider House Rules,WRITING,9.15,906,7,1999
An Affair to Remember,CINEMATOGRAPHY,7.34,353,7.4,1957
The Talented Mr. Ripley,WRITING,13.04,2817,7.2,1999
Topsy-Turvy,WRITING,6.89,114,6.7,1999
Gigi,BEST PICTURE,7.37,243,6.3,1958
Teacher's Pet,WRITING,4.59,67,6.8,1958
Erin Brockovich,BEST PICTURE,13.84,2499,7.4,2000
Chocolat,BEST PICTURE,14.82,2796,7,2000
"Crouching Tiger, Hidden Dragon",WRITING,14.98,2559,7.4,2000
Almost Famous,WRITING,16.45,2162,7.5,2000
The Patriot,CINEMATOGRAPHY,29.88,3141,7.1,2000
Billy Elliot,WRITING,15.91,3219,7.6,2000
Anatomy of a Murder,BEST PICTURE,8.94,718,7.9,1959
North by Northwest,FILM EDITING,14.62,3241,8,1959
102 Dalmatians,COSTUME DESIGN,11.68,1126,5.5,2000
Traffic,BEST PICTURE,16.65,1687,7.1,2000
Mulholland Drive,DIRECTING,17.61,4900,7.8,2001
Amélie,CINEMATOGRAPHY,20.13,9733,7.9,2001
Gosford Park,BEST PICTURE,10.46,855,6.9,2001
Spartacus,FILM EDITING,24.42,1669,7.5,1960
Never on Sunday,WRITING,3.58,52,6.9,1960
In the Bedroom,WRITING,12.77,244,6.8,2001
My Big Fat Greek Wedding,WRITING,9.62,1763,6.5,2002
The Guns of Navarone,WRITING,16.38,582,7.3,1961
Breakfast at Tiffany's,WRITING,14.59,3521,7.7,1961
Far from Heaven,WRITING,6.86,448,7,2002
Yojimbo,COSTUME DESIGN,11.83,1049,8.2,1961
Talk to Her,WRITING,9.07,997,7.6,2002
That Touch of Mink,WRITING,8.6,117,6.6,1962
Lost in Translation,BEST PICTURE,13.03,5991,7.4,2003
Cold Mountain,FILM EDITING,14.28,1435,6.9,2003
The Barbarian Invasions,WRITING,6.76,292,7.1,2003
Girl with a Pearl Earring,CINEMATOGRAPHY,12.8,1147,6.6,2003
The Manchurian Candidate,FILM EDITING,12.44,514,7.6,1962
Mystic River,BEST PICTURE,21.33,5266,7.7,2003
The Incredibles,WRITING,106.37,15221,7.7,2004
Million Dollar Baby,BEST PICTURE,23.04,7979,8,2004
A Very Long Engagement,CINEMATOGRAPHY,7.63,956,7.3,2004
A Hard Day's Night,WRITING,8.86,511,7.4,1964
Finding Neverland,BEST PICTURE,15.01,3120,7.3,2004
Lemony Snicket's A Series of Unfortunate Events,COSTUME DESIGN,19.57,4342,6.8,2004
Sideways,BEST PICTURE,9.08,1283,7.1,2004
Vera Drake,WRITING,8.14,271,7.3,2004
Ray,COSTUME DESIGN,23.22,1528,7.4,2004
The Americanization of Emily,CINEMATOGRAPHY,3.4,53,6.7,1964
The Passion of the Christ,CINEMATOGRAPHY,89.01,3465,7.4,2004
Doctor Zhivago,COSTUME DESIGN,18.59,872,7.6,1965
The New World,CINEMATOGRAPHY,10.85,925,6.5,2005
The Constant Gardener,WRITING,11.88,1145,7,2005
Charlie and the Chocolate Factory,COSTUME DESIGN,231.59,12608,7,2005
Memoirs of a Geisha,COSTUME DESIGN,56.21,2406,7.7,2005
Who's Afraid of Virginia Woolf?,COSTUME DESIGN,9.04,613,7.8,1966
Capote,BEST PICTURE,11.48,1140,7,2005
A Man for All Seasons,COSTUME DESIGN,8.56,317,7.4,1966
Match Point,WRITING,15.21,3415,7.3,2005
The Fortune Cookie,WRITING,7.17,239,7.3,1966
Pride & Prejudice,COSTUME DESIGN,45.9,6519,8.1,2005
The Sand Pebbles,CINEMATOGRAPHY,9.26,181,7.2,1966
A History of Violence,WRITING,11.54,2534,7.2,2005
Alfie,WRITING,7.23,153,6.5,1966
Pan's Labyrinth,WRITING,43.94,8958,7.7,2006
Little Children,WRITING,16.65,741,7.1,2006
Little Miss Sunshine,WRITING,15.25,5722,7.7,2006
In the Heat of the Night,DIRECTING,8.71,749,7.7,1967
The Queen,WRITING,11.92,1001,7,2006
The Graduate,DIRECTING,14.47,2627,7.7,1967
Notes on a Scandal,WRITING,10.25,681,7.1,2006
Oliver!,COSTUME DESIGN,10.94,309,7,1968
Planet of the Apes,COSTUME DESIGN,31.81,2667,7.6,1968
Dreamgirls,COSTUME DESIGN,12.74,822,6.8,2006
Babel,WRITING,16.56,3051,7.2,2006
Bullitt,FILM EDITING,8.98,822,7.2,1968
Z,BEST PICTURE,11.3,309,7.9,1969
Midnight Cowboy,BEST PICTURE,10.04,1004,7.5,1969
Butch Cassidy and the Sundance Kid,BEST PICTURE,12.17,1708,7.6,1969
Juno,BEST PICTURE,20.83,6130,7,2007
"They Shoot Horses, Don't They?",DIRECTING,7.85,223,7.8,1969
Alice's Restaurant,DIRECTING,4.43,50,6.2,1969
The Savages,WRITING,6.31,295,6.8,2007
No Country for Old Men,FILM EDITING,25.94,9719,7.9,2007
Easy Rider,WRITING,11.34,1569,7.1,1969
Atonement,BEST PICTURE,21.51,3372,7.7,2007
Love Story,DIRECTING,9.09,534,6.8,1970
Patton,DIRECTING,9.46,824,7.5,1970
Tora! Tora! Tora!,CINEMATOGRAPHY,12.1,394,7.1,1970
Lars and the Real Girl,WRITING,10.1,1395,7.2,2007
La Vie en Rose,COSTUME DESIGN,12.95,1322,7.5,2007
Elizabeth: The Golden Age,COSTUME DESIGN,11.96,1025,6.7,2007
Across the Universe,COSTUME DESIGN,10.86,1129,7.2,2007
A Clockwork Orange,DIRECTING,36.41,10702,8.2,1971
The French Connection,CINEMATOGRAPHY,9.39,1367,7.5,1971
The Last Picture Show,CINEMATOGRAPHY,8.27,475,7.7,1971
The Dark Knight,FILM EDITING,88.38,27648,8.5,2008
The Godfather,WRITING,68.09,16047,8.7,1972
The Curious Case of Benjamin Button,BEST PICTURE,39.14,10746,7.6,2008
The Poseidon Adventure,CINEMATOGRAPHY,12.15,646,7.2,1972
1776,CINEMATOGRAPHY,9.28,54,7,1972
Happy-Go-Lucky,WRITING,7.61,336,6.6,2008
Deliverance,DIRECTING,9.94,1200,7.3,1972
The Sting,BEST PICTURE,11.63,1989,8,1973
American Graffiti,BEST PICTURE,8.57,1091,7.1,1973
A Touch of Class,BEST PICTURE,2.33,36,6.4,1973
The Duchess,COSTUME DESIGN,13.97,1431,7,2008
Serpico,WRITING,8.62,1482,7.6,1973
In the Loop,WRITING,8.81,498,7.1,2009
The Conversation,BEST PICTURE,9.62,1262,7.6,1974
Inglourious Basterds,WRITING,89.72,18740,8.2,2009
Avatar,FILM EDITING,523.1,25500,7.5,2009
Blazing Saddles,FILM EDITING,11.01,1440,7.3,1974
Chinatown,FILM EDITING,16.63,2962,7.9,1974
The Towering Inferno,FILM EDITING,9.54,686,7,1974
An Education,WRITING,9.55,1087,6.9,2009
Bright Star,COSTUME DESIGN,9.1,362,6.6,2009
Young Frankenstein,WRITING,14.4,2566,7.9,1974
The Young Victoria,COSTUME DESIGN,10.96,872,7.2,2009
Barry Lyndon,WRITING,12.18,2209,8,1975
All the President's Men,WRITING,15.75,1400,7.7,1976
Rocky,WRITING,51.6,6130,7.8,1976
Taxi Driver,BEST PICTURE,40.49,9405,8.2,1976
Two-Minute Warning,FILM EDITING,4.89,59,6.2,1976
Alice in Wonderland,COSTUME DESIGN,140.22,12187,6.6,2010
Winter's Bone,BEST PICTURE,9.48,1415,6.8,2010
Toy Story 3,WRITING,125.48,12523,7.8,2010
I Am Love,COSTUME DESIGN,6.53,272,6.9,2010
Logan's Run,CINEMATOGRAPHY,13.22,697,6.6,1976
The Kids Are All Right,WRITING,8.58,1222,6.6,2010
Inception,CINEMATOGRAPHY,127.44,31645,8.4,2010
Star Wars,WRITING,130.64,17299,8.2,1977
The Tempest,COSTUME DESIGN,1.87,7,6.7,2010
Black Swan,CINEMATOGRAPHY,29.71,12286,7.6,2010
127 Hours,WRITING,22.51,6394,7.1,2010
Another Year,WRITING,7.56,290,7,2010
True Grit,CINEMATOGRAPHY,19.98,4419,7.3,2010
The King's Speech,CINEMATOGRAPHY,14.8,7438,7.7,2010
Close Encounters of the Third Kind,CINEMATOGRAPHY,18.92,3356,7.4,1977
The Deer Hunter,FILM EDITING,17.99,2939,8,1978
Superman,FILM EDITING,45.14,3027,7.1,1978
The Boys from Brazil,FILM EDITING,9.85,295,6.7,1978
All That Jazz,DIRECTING,6.67,340,7.4,1979
Kramer vs. Kramer,DIRECTING,10.05,1759,7.6,1979
Bridesmaids,WRITING,15.42,3794,6.5,2011
The Help,BEST PICTURE,117.33,6409,8.2,2011
The Rose,FILM EDITING,6.76,86,6.8,1979
Jane Eyre,COSTUME DESIGN,10.62,1219,7.2,2011
Midnight in Paris,BEST PICTURE,15.73,6255,7.5,2011
A Separation,WRITING,11.57,1331,7.9,2011
Manhattan,WRITING,8.75,1916,7.8,1979
Raging Bull,FILM EDITING,15.08,3353,8,1980
The Descendants,BEST PICTURE,38.71,2294,6.8,2011
Ordinary People,DIRECTING,8.31,469,7.5,1980
Hugo,BEST PICTURE,22.43,6168,7.2,2011
Somewhere in Time,COSTUME DESIGN,8.42,411,7.5,1980
On Golden Pond,WRITING,7.22,347,7.3,1981
W.E.,COSTUME DESIGN,8.36,164,6.1,2011
Pennies from Heaven,WRITING,5.59,69,6.2,1981
Ragtime,WRITING,5.95,109,7.1,1981
Chariots of Fire,WRITING,9.95,671,6.9,1981
Excalibur,CINEMATOGRAPHY,10.36,750,7,1981
Tootsie,WRITING,9.86,1395,7.2,1982
Gandhi,WRITING,12.28,1886,7.5,1982
Diner,WRITING,8.04,213,6.9,1982
The Verdict,WRITING,8.08,451,7.4,1982
Mirror Mirror,COSTUME DESIGN,22.98,2868,5.9,2012
Snow White and the Huntsman,COSTUME DESIGN,63.01,7024,6,2012
Moonrise Kingdom,WRITING,9.55,4897,7.7,2012
WarGames,WRITING,9.86,1407,7.1,1983
Beasts of the Southern Wild,WRITING,7.24,879,6.8,2012
Terms of Endearment,DIRECTING,9.09,584,7.1,1983
Skyfall,CINEMATOGRAPHY,68.38,13518,7.2,2012
Argo,WRITING,15.32,7115,7.3,2012
Lincoln,COSTUME DESIGN,14.2,3211,6.9,2012
Zero Dark Thirty,BEST PICTURE,22.16,3761,7,2012
Les Misérables,BEST PICTURE,13.93,4613,7.3,2012
Amour,BEST PICTURE,9.5,1310,7.8,2012
Silver Linings Playbook,BEST PICTURE,38.71,10542,7.1,2012
Flight,WRITING,21.18,5074,6.8,2012
The Natural,CINEMATOGRAPHY,10.66,467,6.9,1984
Splash,WRITING,12.77,1066,6.3,1984
2010,COSTUME DESIGN,11.01,737,6.7,1984
Ran,DIRECTING,12.01,1131,8.1,1985
Kiss of the Spider Woman,DIRECTING,6.47,207,7.2,1985
Top Gun,FILM EDITING,891.61,5744,7,1986
The Great Gatsby,COSTUME DESIGN,31.1,10493,7.4,2013
Blue Velvet,DIRECTING,14.52,2557,7.6,1986
Before Midnight,WRITING,12.39,1855,7.5,2013
Blue Jasmine,WRITING,18.66,2957,7,2013
20 Feet from Stardom,DOCUMENTARY (Feature),8.7,197,7.3,2013
Prisoners,CINEMATOGRAPHY,43.29,9286,8.1,2013
Empire of the Sun,FILM EDITING,13.82,1499,7.5,1987
Nebraska,BEST PICTURE,6.93,1451,7.5,2013
Dallas Buyers Club,FILM EDITING,14.76,7339,7.9,2013
RoboCop,FILM EDITING,27.45,3974,7.3,1987
Radio Days,WRITING,7.89,423,7.1,1987
Philomena,BEST PICTURE,7.31,1359,7.4,2013
American Hustle,BEST PICTURE,23.16,6291,6.8,2013
The Wolf of Wall Street,BEST PICTURE,202.33,19797,8,2013
Maurice,COSTUME DESIGN,8.44,355,7.6,1987
12 Years a Slave,FILM EDITING,23.05,9700,8,2013
Rain Man,WRITING,17.86,5120,7.8,1988
The Accidental Tourist,BEST PICTURE,7.6,164,6.2,1988
Bull Durham,WRITING,12.57,436,6.7,1988
Big,WRITING,17.68,2890,7.1,1988
The Invisible Woman,COSTUME DESIGN,9.94,151,6,2013
The Last Temptation of Christ,DIRECTING,18.9,792,7.2,1988
Field of Dreams,BEST PICTURE,13.18,1143,7.1,1989
Dead Poets Society,BEST PICTURE,31.68,9140,8.3,1989
Do the Right Thing,WRITING,8.51,1312,7.8,1989
Boyhood,WRITING,12.18,4452,7.5,2014
Maleficent,COSTUME DESIGN,119.07,11642,7.1,2014
The Hunt for Red October,FILM EDITING,23.41,2599,7.4,1990
Nightcrawler,WRITING,56.69,8992,7.7,2014
Birdman or (The Unexpected Virtue of Ignorance),WRITING,27.57,11284,7.5,2014
Selma,BEST PICTURE,7.08,1932,7.4,2014
Into the Woods,COSTUME DESIGN,19.91,3855,5.8,2014
The Theory of Everything,WRITING,29.72,9337,7.9,2014
Barton Fink,COSTUME DESIGN,10.05,1304,7.5,1991
Hook,COSTUME DESIGN,26.43,4443,6.8,1991
Scent of a Woman,BEST PICTURE,17.52,2537,7.7,1992
A Few Good Men,BEST PICTURE,28.24,2751,7.5,1992
The Crying Game,BEST PICTURE,9.77,574,6.9,1992
Basic Instinct,FILM EDITING,26.54,2974,6.9,1992
The Lover,CINEMATOGRAPHY,19.84,483,6.9,1992
The Remains of the Day,BEST PICTURE,10.44,963,7.4,1993
In the Name of the Father,BEST PICTURE,13.71,1356,7.9,1993
The Fugitive,BEST PICTURE,20.59,3354,7.4,1993
Cinderella,COSTUME DESIGN,80.45,6253,6.8,2015
Mad Max: Fury Road,COSTUME DESIGN,102.32,19405,7.6,2015
Inside Out,WRITING,101.08,17888,7.9,2015
Sleepless in Seattle,WRITING,12.31,1848,6.7,1993
In the Line of Fire,FILM EDITING,13.29,1205,7,1993
Philadelphia,WRITING,15,3489,7.7,1993
The Martian,WRITING,71.02,17041,7.7,2015
Forrest Gump,BEST PICTURE,52.52,22785,8.5,1994
Brooklyn,WRITING,15.1,2726,7.3,2015
Carol,COSTUME DESIGN,14.26,3109,7.5,2015
Room,BEST PICTURE,18.72,7997,8.1,2015
Quiz Show,BEST PICTURE,7.19,701,7.3,1994
Star Wars: The Force Awakens,FILM EDITING,126.17,17034,7.3,2015
The Hateful Eight,CINEMATOGRAPHY,23.73,12115,7.7,2015
The Danish Girl,COSTUME DESIGN,36.91,5194,7.6,2015
Leaving Las Vegas,WRITING,14.45,1080,7.3,1995
Batman Forever,CINEMATOGRAPHY,32.85,4281,5.4,1995
The Usual Suspects,WRITING,17.14,8598,8.2,1995
Jerry Maguire,BEST PICTURE,20.46,2580,6.9,1996
Fargo,BEST PICTURE,18.36,6390,7.9,1996
Lone Star,WRITING,8.31,252,7.1,1996
Michael Collins,CINEMATOGRAPHY,6.43,356,6.9,1996
L.A. Confidential,BEST PICTURE,16.77,3856,7.8,1997
The Full Monty,BEST PICTURE,9.14,1278,7,1997
Arrival,BEST PICTURE,59.97,15090,7.6,2016
Fantastic Beasts and Where to Find Them,COSTUME DESIGN,374.73,16706,7.4,2016
Air Force One,FILM EDITING,19,2346,6.4,1997
Hidden Figures,BEST PICTURE,44.12,7766,8,2016
La La Land,FILM EDITING,27.45,14306,7.9,2016
Donnie Brasco,WRITING,16.23,3562,7.5,1997
Sing,SHORT FILM,112.14,6787,7.1,2016
Jackie,COSTUME DESIGN,14.92,2042,6.4,2016
20th Century Women,WRITING,11.32,963,7.3,2016
Fences,BEST PICTURE,30.12,2204,6.8,2016
Manchester by the Sea,DIRECTING,20.38,4873,7.5,2016
Florence Foster Jenkins,COSTUME DESIGN,8.32,1265,6.7,2016
Out of Sight,FILM EDITING,10.45,979,6.7,1998
Velvet Goldmine,COSTUME DESIGN,7.78,370,6.9,1998
Allied,COSTUME DESIGN,18.12,3938,6.8,2016
Logan,WRITING,80.44,16843,7.8,2017
Get Out,BEST PICTURE,45.91,14177,7.6,2017
Beauty and the Beast,COSTUME DESIGN,83.75,14144,7,2017
The Green Mile,WRITING,61.03,13987,8.5,1999
The Big Sick,WRITING,12.72,2040,7.4,2017
Call Me by Your Name,BEST PICTURE,96.94,10246,8.2,2017
Wonder Boys,WRITING,9.03,468,6.9,2000
Monster's Ball,WRITING,10.84,759,6.8,2001
About a Boy,WRITING,11.39,1849,6.6,2002
The Pianist,WRITING,38.33,7274,8.4,2002
Gangs of New York,WRITING,16.69,5493,7.3,2002
Frida,COSTUME DESIGN,20.74,1728,7.5,2002
Finding Nemo,WRITING,120.26,16427,7.8,2003
The Aviator,FILM EDITING,24.34,4370,7.2,2004
Troy,COSTUME DESIGN,49.44,8506,7.1,2004
The Phantom of the Opera,CINEMATOGRAPHY,15.02,1322,7.3,2004
Collateral,FILM EDITING,19.48,4360,7.2,2004
Munich,BEST PICTURE,14.34,2064,7.1,2005
"Good Night, and Good Luck.",BEST PICTURE,5.76,769,7.1,2005
Brokeback Mountain,BEST PICTURE,28.92,5744,7.8,2005
Cinderella Man,FILM EDITING,17.18,1767,7.5,2005
Batman Begins,CINEMATOGRAPHY,77.12,17749,7.7,2005
The Squid and the Whale,WRITING,7.11,725,7,2005
Letters from Iwo Jima,WRITING,14.8,1613,7.5,2006
The Departed,WRITING,33.47,12425,8.2,2006
Curse of the Golden Flower,COSTUME DESIGN,12.27,577,6.8,2006
Blood Diamond,FILM EDITING,39.07,6261,7.5,2006
The Diving Bell and the Butterfly,WRITING,12.01,926,7.6,2007
Michael Clayton,WRITING,10.89,1322,6.8,2007
The Bourne Ultimatum,FILM EDITING,25.9,6455,7.4,2007
The Prestige,CINEMATOGRAPHY,24.74,13069,8.2,2006
Australia,COSTUME DESIGN,14.09,1942,6.6,2008
The Black Dahlia,CINEMATOGRAPHY,13.68,873,5.6,2006
Up in the Air,BEST PICTURE,17.4,3012,6.8,2009
Nine,COSTUME DESIGN,9.57,485,5.6,2009
Ratatouille,WRITING,166.96,13980,7.8,2007
A Serious Man,WRITING,7.58,1661,6.8,2009
The Blind Side,BEST PICTURE,82.78,5125,7.7,2009
The Fighter,DIRECTING,15.08,3605,7.4,2010
Extremely Loud & Incredibly Close,BEST PICTURE,11.02,1738,7,2011
Anna Karenina,COSTUME DESIGN,19.1,1979,6.7,2012
Her,BEST PICTURE,32.02,12118,7.9,2013
The Imitation Game,WRITING,58.26,14664,8,2014
Lion,CINEMATOGRAPHY,24.38,5720,8.1,2016
The Assassination of Jesse James by the Coward Robert Ford,CINEMATOGRAPHY,11.98,1988,7.1,2007
In Bruges,WRITING,15.36,4026,7.5,2008
Frost/Nixon,FILM EDITING,7.93,943,7.3,2008
Milk,FILM EDITING,3.81,37,6,2008
District 9,WRITING,70.23,7885,7.4,2009
The Imaginarium of Doctor Parnassus,COSTUME DESIGN,13.19,2348,6.4,2009
The Messenger,WRITING,6.08,330,6.8,2009
The Social Network,CINEMATOGRAPHY,30.21,10023,7.3,2010
Moneyball,FILM EDITING,21.29,4021,7.2,2011
The Ides of March,WRITING,9.16,2033,6.7,2011
Tinker Tailor Soldier Spy,WRITING,14.1,2115,6.6,2011
The Artist,FILM EDITING,11.97,2708,7.4,2011
Margin Call,WRITING,11.77,1352,6.8,2011
The Girl with the Dragon Tattoo,FILM EDITING,17.34,5837,7.4,2011
War Horse,BEST PICTURE,30.45,2854,7.3,2011
Life of Pi,BEST PICTURE,44.64,11576,7.4,2012
Django Unchained,BEST PICTURE,73.13,22570,8.1,2012
The Grandmaster,CINEMATOGRAPHY,36.26,680,6.5,2013
Captain Phillips,BEST PICTURE,16.05,5830,7.6,2013
Inside Llewyn Davis,CINEMATOGRAPHY,10.03,2207,7.2,2013
The Grand Budapest Hotel,FILM EDITING,30.36,12325,8.1,2014
Whiplash,WRITING,50.91,12221,8.4,2014
Inherent Vice,WRITING,16.8,2096,6.6,2014
Foxcatcher,WRITING,9.08,1958,6.7,2014
Mr. Turner,COSTUME DESIGN,5.94,427,6.5,2014
American Sniper,WRITING,94.99,11135,7.4,2014
Ex Machina,WRITING,27.7,11283,7.6,2015
Straight Outta Compton,WRITING,51.35,3205,7.8,2015
Bridge of Spies,WRITING,15.99,5928,7.2,2015
The Big Short,WRITING,24.62,7454,7.3,2015
Spotlight,BEST PICTURE,13.28,7181,7.8,2015
Hell or High Water,FILM EDITING,17.9,3734,7.3,2016
Hacksaw Ridge,FILM EDITING,242.05,10973,8.2,2016
Moonlight,FILM EDITING,20.23,6108,7.4,2016
Baby Driver,FILM EDITING,78.96,13245,7.5,2017
Boys Town,WRITING,4.23,58,6.7,1938
The Thief of Bagdad,CINEMATOGRAPHY,10.24,196,7.2,1940
Sun Valley Serenade,CINEMATOGRAPHY,2.29,17,6.2,1941
Sahara,CINEMATOGRAPHY,6.02,96,7.3,1943
"Objective, Burma!",WRITING,4.15,60,7,1945
Anchors Aweigh,CINEMATOGRAPHY,6.64,122,6.8,1945
Red River,WRITING,9.36,363,7.4,1948
The Treasure of the Sierra Madre,WRITING,9.43,882,8,1948
The African Queen,DIRECTING,9.24,699,7.4,1951
The Big Sky,CINEMATOGRAPHY,4.66,67,6.6,1952
Stalag 17,DIRECTING,10.81,440,7.8,1953
On the Waterfront,BEST PICTURE,11.5,1187,8,1954
"Heaven Knows, Mr. Allison",WRITING,5.6,95,6.9,1957
The Defiant Ones,BEST PICTURE,6.16,164,7.1,1958
The Hustler,WRITING,9.71,729,7.8,1961
Lawrence of Arabia,WRITING,20.55,2308,8,1962
The Longest Day,CINEMATOGRAPHY,11.52,740,7.6,1962
The Flight of the Phoenix,FILM EDITING,16.01,232,7.2,1965
Fantastic Voyage,CINEMATOGRAPHY,8.56,317,6.8,1966
Blow-Up,WRITING,8.83,926,7.4,1966
The Dirty Dozen,FILM EDITING,12.94,920,7.6,1967
2001: A Space Odyssey,WRITING,32.85,9374,8.1,1968
Ice Station Zebra,CINEMATOGRAPHY,7.36,117,6.2,1968
Death in Venice,COSTUME DESIGN,6.95,349,7.3,1971
Sleuth,DIRECTING,8.04,452,7.7,1972
Midnight Express,BEST PICTURE,10.12,1304,7.5,1978
Apocalypse Now,FILM EDITING,25.09,6536,8.3,1979
The Black Hole,CINEMATOGRAPHY,11.11,331,5.8,1979
The Blue Lagoon,CINEMATOGRAPHY,40.81,1453,6.2,1980
Tron,COSTUME DESIGN,22.2,1751,6.7,1982
Beverly Hills Cop,WRITING,15.95,3206,7.2,1984
A Soldier's Story,WRITING,6.92,122,6.9,1984
Stand by Me,WRITING,20.44,4573,7.9,1986
Platoon,CINEMATOGRAPHY,25.81,3555,7.7,1986
The Mission,FILM EDITING,10.99,1101,7.4,1986
Pirates,COSTUME DESIGN,5.87,182,6.3,1986
Full Metal Jacket,WRITING,31.33,8551,8.1,1987
Glory,FILM EDITING,12.24,1218,7.5,1989
Searching for Bobby Fischer,CINEMATOGRAPHY,9.19,431,7.2,1993
Farewell My Concubine,CINEMATOGRAPHY,10.93,372,7.9,1993
Good Will Hunting,WRITING,41.14,9664,8.1,1997
Saving Private Ryan,WRITING,60.37,13071,8.2,1998
Gladiator,COSTUME DESIGN,44.94,15179,8.2,2000
"O Brother, Where Art Thou?",WRITING,15.62,3324,7.3,2000
Black Hawk Down,FILM EDITING,40.38,4577,7.4,2001
Road to Perdition,CINEMATOGRAPHY,15.98,2911,7.4,2002
Master and Commander: The Far Side of the World,BEST PICTURE,14.6,2472,7.1,2003
The Last Samurai,COSTUME DESIGN,31.6,5607,7.5,2003
Before Sunset,WRITING,12.35,2645,7.8,2004
The Illusionist,CINEMATOGRAPHY,19.12,4066,7.3,2006
Restrepo,DOCUMENTARY (Feature),8.57,268,7.4,2010
The Tree of Life,BEST PICTURE,12.3,2586,6.7,2011
Gravity,FILM EDITING,24.39,13366,7.2,2013
Cutie and the Boxer,DOCUMENTARY (Feature),6.16,60,7.1,2013
Unbroken,CINEMATOGRAPHY,16.56,3540,7.5,2014
Sicario,CINEMATOGRAPHY,59.07,6950,7.4,2015
The Revenant,COSTUME DESIGN,55.09,15830,7.5,2015
Silence,CINEMATOGRAPHY,29.8,2550,7.1,2016
Dunkirk,BEST PICTURE,31.54,14090,7.5,2017
